Category,Name,Price,Cleaned_Price,District
room-annex-rentals,Annex for Rent in Bellanvila,"Rs 40,000 /month",40000.0,Kandy
room-annex-rentals,Sharing Room for Rent - Maharagama,"Rs 11,000 /month",11000.0,Maharagama
room-annex-rentals,Kamarayak Kuliyata Boralasgamuwa,"Rs 14,000 /month",14000.0,Boralasgamuwa
room-annex-rentals,"Annex for Rent in Ekala, Ja-Ela","Rs 16,500 /month",16500.0,Ja Ela
room-annex-rentals,Araliya Hotel Rooms for Rent Ja Ela,"Rs 25,000 /month",25000.0,Ja Ela
room-annex-rentals,ගම්පහ කාමරයක් කුලියට දීමට ඇත,"Rs 12,000 /month",12000.0,Ja Ela
room-annex-rentals,Room for Rent (BoyS),"Rs 20,000 /month",20000.0,Jaffna
room-annex-rentals,Annex for Rent in Moratuwa Lakshapathiya Area,"Rs 30,000 /month",30000.0,Moratuwa
room-annex-rentals,Room for Rent in Ekala Kotugoda,"Rs 18,000 /month",18000.0,Kotugoda
room-annex-rentals,"One Room Annex for Rent In Wattala,Uswatakeyyawa","Rs 10,000 /month",10000.0,Wattala
room-annex-rentals,Rooms for Boys (sharing) Battaramulla,"Rs 30,000 /month",30000.0,Wattala
room-annex-rentals,Annex for Rent in Ragama,"Rs 25,000 /month",25000.0,Ragama
room-annex-rentals,Room (Only Boys) for Rent in Nugegoda (Near to Japura Campus),"Rs 15,000 /month",15000.0,Nugegoda
room-annex-rentals,Room Rent For Girls Boralesgamuwa,"Rs 10,000 /month",10000.0,Boralesgamuwa
room-annex-rentals,Room for Rent - Dehiwala,"Rs 40,000 /month",40000.0,Dehiwala
room-annex-rentals,Annex for Rent in Wadduwa Town,"Rs 23,000 /month",23000.0,Kalutara
room-annex-rentals,Rooms for Rent Boralesgamuwa,"Rs 35,000 /month",35000.0,Boralesgamuwa
room-annex-rentals,Room for Nent Near Kadawatha Town,"Rs 16,000 /month",16000.0,Kadawatha
room-annex-rentals,Annex for Rent Nugegoda,"Rs 40,000 /month",40000.0,Nugegoda
room-annex-rentals,"Fully Furnished Room for Rent in Pelawatta, Battaramulla","Rs 75,000 /month",75000.0,Moratuwa
room-annex-rentals,Room for Rent in Athurugiriya,"Rs 16,000 /month",16000.0,Athurugiriya
room-annex-rentals,Rooms for Rent in Katunayake,"Rs 15,000 /month",15000.0,Boralesgamuwa
room-annex-rentals,Room for Rent Girls Mattakkuliya,"Rs 9,500 /month",9500.0,Boralasgamuwa
room-annex-rentals,Luxury Rooms for Rent – Kaduwela,"Rs 20,000 /month",20000.0,Kaduwela
room-annex-rentals,Room For Rent In Nugegoda | Delkanda,"Rs 13,000 /month",13000.0,Nugegoda
room-annex-rentals,Room for Rent in Nugegoda Girls Only,"Rs 15,000 /month",15000.0,Nugegoda
room-annex-rentals,Room for A Girl in Kadawatha,"Rs 10,000 /month",10000.0,Kadawatha
room-annex-rentals,Annex for Rent at – Ragama-Walpola (Near Walpola Station),"Rs 25,000 /month",25000.0,Ragama
room-annex-rentals,Room for rent in mount lavinia,"Rs 40,000 /month",40000.0,Mount Lavinia
room-annex-rentals,Room for Rent in Piliyandala only Girls,"Rs 9,000 /month",9000.0,Piliyandala
room-annex-rentals,Room For Rent in Rajagiriya,"Rs 33,000 /month",33000.0,Rajagiriya
room-annex-rentals,Mt-Laviniya Annex for rent in withe furnished,"Rs 38,000 /month",38000.0,Anuradhapura
room-annex-rentals,Nadimala sharering room for girls,"Rs 17,000 /month",17000.0,Thalawathugoda
room-annex-rentals,Brand New Annex for Rent Ja - Ela,"Rs 40,000 /month",40000.0,Bambalapitiya
room-annex-rentals,Rooms for Rent Maharagama,"Rs 10,000 /month",10000.0,Maharagama
room-annex-rentals,"Room for Rent Ladies - Gothatuwa, Angoda, IDH","Rs 8,000 /month",8000.0,Angoda
room-annex-rentals,Rooms for Rent in Malabe (Ladies Only),"Rs 17,000 /month",17000.0,Malabe
room-annex-rentals,Comfortable Rooms for Rent in Kandy,"Rs 30,000 /month",30000.0,Kandy
room-annex-rentals,Boarding Rooms For Rent Girls Only Battaramulla.,"Rs 10,000 /month",10000.0,Rajagiriya
room-annex-rentals,Boarding Room for Rent {Boys only) Colombo 05,"Rs 90,000 /month",90000.0,Colombo
room-annex-rentals,Upper Floor Fully Furnished Luxury Annex - Kandy,"Rs 75,000 /month",75000.0,Kandy
room-annex-rentals,Homagama Annex 🏠 for rent in (sm967),"Rs 30,000 /month",30000.0,Homagama
room-annex-rentals,"One-Bedroom Annex for Working Male | Highlevel Road, Maharagama","Rs 18,000 /month",18000.0,Maharagama
room-annex-rentals,"Annex for Rent in Malamulla, Panadura","Rs 20,000 /month",20000.0,Panadura
room-annex-rentals,Hostel Facilities for Working Girls Female Uni Students Kohuwela,"Rs 12,000 /month",12000.0,Piliyandala
room-annex-rentals,Room for Rent Gothatuwa,"Rs 27,000 /month",27000.0,Kiribathgoda
room-annex-rentals,"Annex for Rent in Kengalla ,digana","Rs 25,000 /month",25000.0,Batticaloa
room-annex-rentals,Room for Rent in Maharagama,"Rs 16,500 /month",16500.0,Maharagama
room-annex-rentals,Annex for Rent in Kadawatha,"Rs 20,000 /month",20000.0,Kadawatha
room-annex-rentals,Single Room Rent for Working Lady Kelaniya,"Rs 15,500 /month",15500.0,Kelaniya
room-annex-rentals,Annex for Rent - Panadura,"Rs 65,000 /month",65000.0,Panadura
room-annex-rentals,Room For Rent - Colombo 05,"Rs 45,000 /month",45000.0,Colombo
room-annex-rentals,One Single Room Rent for Girl in Nugegoda,"Rs 12,500 /month",12500.0,Nugegoda
room-annex-rentals,Rooms for Rent Mount Lavinia,"Rs 25,000 /month",25000.0,Mount Lavinia
room-annex-rentals,Annex for Rent in Pitakanda Road Kandy,"Rs 35,000 /month",35000.0,Kandy
room-annex-rentals,Hostel Rooms for Rent in Malabe ( only Girls),"Rs 12,500 /month",12500.0,Malabe
room-annex-rentals,Room For Rent Kadawatha,"Rs 14,000 /month",14000.0,Kadawatha
room-annex-rentals,Annex for Rent Colombo,"Rs 50,000 /month",50000.0,Colombo
room-annex-rentals,Boarding for Rent in Rajagiriya,"Rs 15,000 /month",15000.0,Rajagiriya
room-annex-rentals,Room for Rent (Boys Only) - Mount Lavinia,"Rs 10,000 /month",10000.0,Mount Lavinia
room-annex-rentals,Fully Furnished Rooms for Rent in Pannipitiya,"Rs 38,000 /month",38000.0,Pannipitiya
room-annex-rentals,Rent a Girls Sharing Room Dehiwala,"Rs 10,500 /month",10500.0,Dehiwala
room-annex-rentals,Upstairs Annex for Rent in Piliyandala City,"Rs 35,000 /month",35000.0,Piliyandala
room-annex-rentals,"Annex for rent in Gannoruwa, Peradeniya","Rs 32,000 /month",32000.0,Wattala
room-annex-rentals,Annex for Rent in Kadawatha,"Rs 25,000 /month",25000.0,Kadawatha
room-annex-rentals,One Room Annex for Rent Matara,"Rs 20,000 /month",20000.0,Matara
room-annex-rentals,Sharing Room for Rent - Nugegoda (Only Men),"Rs 8,500 /month",8500.0,Nugegoda
room-annex-rentals,"Rooms For Rent in Wedamulla road, Kelaniya (Only Girl)","Rs 20,000 /month",20000.0,Kelaniya
room-annex-rentals,"Annex For Rent In Katuwawala, Boralesgamuwa","Rs 28,500 /month",28500.0,Boralesgamuwa
room-annex-rentals,Boarding for Girls Nugegoda,"Rs 12,500 /month",12500.0,Nugegoda
room-annex-rentals,2 Bedrooms Anex For Rent in Piliyandala Town,"Rs 55,000 /month",55000.0,Piliyandala
room-annex-rentals,Rooms for Rent Kadawatha,"Rs 21,000 /month",21000.0,Kadawatha
room-annex-rentals,Room (Only Girls) for Rent in Maharagama,"Rs 15,000 /month",15000.0,Maharagama
room-annex-rentals,Room for Rent in Ragama (Girls only),"Rs 18,000 /month",18000.0,Ragama
room-annex-rentals,Spacious Annex for Rent - Malabe,"Rs 70,000 /month",70000.0,Malabe
room-annex-rentals,Annex for Rent Homagama,"Rs 20,000 /month",20000.0,Homagama
room-annex-rentals,Room for Rent in Kandy ( Girls Only ),"Rs 17,000 /month",17000.0,Kandy
room-annex-rentals,Room for Rent in Ratmalana,"Rs 35,000 /month",35000.0,Kurunegala
room-annex-rentals,Accomodation for Girls - Nugegoda,"Rs 18,000 /month",18000.0,Nugegoda
room-annex-rentals,Single Room for Rent in Kelaniya - Male Only,"Rs 22,000 /month",22000.0,Kelaniya
room-annex-rentals,පිලියන්දල ටවුමෙන් කාමර 2 ක Anex එක්ක කුලියට දීමට ඇත,"Rs 55,000 /month",55000.0,Kiribathgoda
room-annex-rentals,Boarding Rent Maharagama,"Rs 26,000 /month",26000.0,Maharagama
room-annex-rentals,Rooms for Male Students - Dehiwala,"Rs 20,000 /month",20000.0,Dehiwala
room-annex-rentals,"Room For Rent in Handala , Wattala ( Only working Girl)","Rs 10,000 /month",10000.0,Wattala
room-annex-rentals,Room for Rent in Katubedda,"Rs 24,000 /month",24000.0,Moratuwa
room-annex-rentals,Furnished Room for Rent Nugegoda,"Rs 25,000 /month",25000.0,Nugegoda
room-annex-rentals,Ladies Accomodation - Dehiwela,"Rs 14,000 /month",14000.0,Dehiwala
room-annex-rentals,Room for Rent in Battaramulla Girls Only,"Rs 18,000 /month",18000.0,Wellawatta
room-annex-rentals,Jafffna at Kaitady Rooms For Rent,"Rs 15,000 /month",15000.0,Boralesgamuwa
room-annex-rentals,Annex for Rent in Matara,"Rs 25,000 /month",25000.0,Matara
room-annex-rentals,Annex for Rent in Battaramulla,"Rs 40,000 /month",40000.0,Badulla
room-annex-rentals,Newly Built Upstair Annex Delgoda,"Rs 15,000 /month",15000.0,Godagama
room-annex-rentals,Annex for rent with Storeroom - Erewwala,"Rs 60,000 /month",60000.0,Colombo
room-annex-rentals,Sharing room for professional working boys,"Rs 20,000 /month",20000.0,Jaffna
room-annex-rentals,Annex for Rent in Katunayaka Andiambalama,"Rs 10,000 /month",10000.0,Andiambalama
room-annex-rentals,Room Rent for Boy at Moratuwa Katubedda,"Rs 12,500 /month",12500.0,Moratuwa
room-annex-rentals,Annex for Rent – Gothatuwa New Town,"Rs 25,000 /month",25000.0,Ekala
room-annex-rentals,Furnished Sharing Room (Only Girls) for Rent in Pannipitiya,"Rs 17,500 /month",17500.0,Pannipitiya
room-annex-rentals,Annex for Rent Nugegoda Delkanda,"Rs 60,000 /month",60000.0,Nugegoda
room-annex-rentals,Boarding Room for Rent in Colombo 12,"Rs 10,000 /month",10000.0,Colombo
room-annex-rentals,Room For Rent Sapugaskanda,"Rs 13,000 /month",13000.0,Thalawathugoda
room-annex-rentals,Room for rent Tamil boy,"Rs 13,000 /month",13000.0,Badulla
room-annex-rentals,Rooms for Rent – Biyagama,"Rs 22,000 /month",22000.0,Biyagama
room-annex-rentals,Rajagiriya : 3BR Up stair annex for rent at Park Lane,"Rs 200,000 /month",200000.0,Rajagiriya
room-annex-rentals,Annex for Rent Peradeniya,"Rs 25,000 /month",25000.0,Piliyandala
room-annex-rentals,1Bed Room / Kitchen and Bathroom for Rent in Welisara,"Rs 30,000 /month",30000.0,Kaduwela
room-annex-rentals,Apartment Rent for mount Lavinia,"Rs 50,000 /month",50000.0,Mount Lavinia
room-annex-rentals,Room for rent in mount lavinia,"Rs 25,000 /month",25000.0,Mount Lavinia
room-annex-rentals,Annex For Rent in Homagama,"Rs 19,000 /month",19000.0,Homagama
room-annex-rentals,Room for Rent Rajagiriya,"Rs 40,000 /month",40000.0,Rajagiriya
room-annex-rentals,Room For Rent in Rajagiriya,"Rs 19,000 /month",19000.0,Rajagiriya
room-annex-rentals,Annex for Rent in Himbutana,"Rs 27,000 /month",27000.0,Kaduwela
room-annex-rentals,Rooms for Rent Wadduwa only Ladies,"Rs 10,000 /month",10000.0,Nugegoda
room-annex-rentals,Girls' Boarding Rooms for Rent in Nugegoda,"Rs 11,500 /month",11500.0,Nugegoda
room-annex-rentals,Boarding Room for Rent - Dehiwala,"Rs 8,500 /month",8500.0,Dehiwala
room-annex-rentals,Rooms for Rent in Homagama Pitipana,"Rs 6,000 /month",6000.0,Homagama
room-annex-rentals,Room for Rent in Moratuwa ( male only ),"Rs 12,000 /month",12000.0,Moratuwa
room-annex-rentals,beautiful cabana at Kandy,"Rs 200,000 /month",200000.0,Kandy
room-annex-rentals,"Dehiwala, Station Rd - 2 Bedrooms with a Sea View Room","Rs 75,000 /month",75000.0,Dehiwala
room-annex-rentals,Room for Rent in Dehiwala,"Rs 20,000 /month",20000.0,Dehiwala
room-annex-rentals,Annex Rent in Nugegoda,"Rs 11,000 /month",11000.0,Nugegoda
room-annex-rentals,Katubedda New Rooms for Rent (Near the university ),"Rs 40,000 /month",40000.0,Wellawatta
room-annex-rentals,Annex for Rent - Katubedda Moratuwa,"Rs 25,000 /month",25000.0,Moratuwa
room-annex-rentals,Annex for Rent Karapitiya,"Rs 23,000 /month",23000.0,Maharagama
room-annex-rentals,Room for Rent in Colombo 12 Boys Only,"Rs 30,000 /month",30000.0,Colombo
room-annex-rentals,Room for Rent at Peradeniya,"Rs 16,500 /month",16500.0,Kalutara
room-annex-rentals,Rooms For Rent In Nugegoda,"Rs 21,000 /month",21000.0,Nugegoda
room-annex-rentals,Annex for rent in Muththettugala Kurunegala,"Rs 10,000 /month",10000.0,Kurunegala
room-annex-rentals,"Annex for Rent in Horana, Ingiriya","Rs 20,000 /month",20000.0,Negombo
room-annex-rentals,Spacious Annex for Rent in Ratmalana Dharmarama Road,"Rs 22,000 /month",22000.0,Kohuwala
room-annex-rentals,Room for Rent - Malabe,"Rs 15,000 /month",15000.0,Malabe
room-annex-rentals,Room for Rent in Gampaha Rathupaswala,"Rs 10,000 /month",10000.0,Gampaha
room-annex-rentals,Annex for Rent Dehiwala,"Rs 40,000 /month",40000.0,Dehiwala
room-annex-rentals,2 Bedroom Annex in Katubedda Campus Road for Rent,"Rs 35,000 /month",35000.0,Kottawa
room-annex-rentals,Full Furnished Room for Rent in Baseline Road Katunayake,"Rs 18,000 /month",18000.0,Homagama
room-annex-rentals,Rooms for Rent in Negombo Town,"Rs 13,500 /month",13500.0,Negombo
room-annex-rentals,Room for rent Kandy only girls,"Rs 12,500 /month",12500.0,Kandy
room-annex-rentals,Annex for Rent in Ratmalana,"Rs 25,000 /month",25000.0,Kurunegala
room-annex-rentals,shearing room & meals for girls කාමර ආහාර පාන ශිෂ්‍යාවන් කාන්තාවන්ට,"Rs 45,000 /month",45000.0,Pannipitiya
room-annex-rentals,Room for Rent in Moratuwa a Working Male,"Rs 18,000 /month",18000.0,Moratuwa
room-annex-rentals,Room for Rent in Kirulapone,"Rs 14,000 /month",14000.0,Mahara
room-annex-rentals,Rooms for Employeed Boys Delkanda,"Rs 12,500 /month",12500.0,Athurugiriya
room-annex-rentals,Rooms for Girls in පොලොන්නරුව,"Rs 6,000 /month",6000.0,Malabe
room-annex-rentals,Annex for Rent Moratuwa,"Rs 35,000 /month",35000.0,Moratuwa
room-annex-rentals,කාමරයක් කුලියට දීමට සිසුවියන් සඳහා - පේරාදෙණිය,"Rs 7,000 /month",7000.0,Anuradhapura
room-annex-rentals,Rooms for Rent Katunayaka,"Rs 20,000 /month",20000.0,Angoda
room-annex-rentals,Annex for Rent Rajagiriya,"Rs 50,000 /month",50000.0,Rajagiriya
room-annex-rentals,Room for Rent Boralesgamuwa,"Rs 30,000 /month",30000.0,Boralesgamuwa
room-annex-rentals,Furnished Room for Rent in mount lavinia,"Rs 35,000 /month",35000.0,Mount Lavinia
room-annex-rentals,Room for Working Girls Dehiwala Junction,"Rs 15,000 /month",15000.0,Dehiwala
room-annex-rentals,Rooms for Rent Boys Malabe,"Rs 10,000 /month",10000.0,Malabe
room-annex-rentals,Boarding Room for A/l Uni Students at Nugegoda,"Rs 20,000 /month",20000.0,Nugegoda
room-annex-rentals,Room for Rent Boys - Rajagiriya,"Rs 10,000 /month",10000.0,Rajagiriya
room-annex-rentals,Annex for Rent Kelaniya,"Rs 35,000 /month",35000.0,Kelaniya
room-annex-rentals,Rooms for Rent Nawala Koswatta Close Rajagiriya,"Rs 23,500 /month",23500.0,Rajagiriya
room-annex-rentals,Rooms for Rent in Maradana(Males only),"Rs 17,500 /month",17500.0,Ekala
room-annex-rentals,Fully Furnished One-Bedroom Annex for Rent in Balagolla,"Rs 35,000 /month",35000.0,Dehiwala
room-annex-rentals,Room for Rent in Nugegoda,"Rs 26,000 /month",26000.0,Nugegoda
room-annex-rentals,Upstairs annex for Rent – Ladies (Near Jayawardanapura Hospital),"Rs 10,000 /month",10000.0,Panadura
room-annex-rentals,Large Room for Rent Tangalle (Only Ladies),"Rs 15,000 /month",15000.0,Andiambalama
room-annex-rentals,Boys Rooms for Rent - Pannipitiya,"Rs 10,000 /month",10000.0,Pannipitiya
room-annex-rentals,Room for Rent in Delkanda Junction Nugegoda,"Rs 32,000 /month",32000.0,Nugegoda
room-annex-rentals,House for Rent in Battaramulla,"Rs 60,000 /month",60000.0,Kiribathgoda
room-annex-rentals,"Annex for Rent in Bellanvila, Boralasgamuwa","Rs 40,000 /month",40000.0,Boralasgamuwa
room-annex-rentals,Boarding Room in Katubedda for boys,"Rs 11,000 /month",11000.0,Mount Lavinia
room-annex-rentals,Room for Rent in Mount Lavinia,"Rs 10,000 /month",10000.0,Mount Lavinia
room-annex-rentals,Annex for Rent Nugegoda,"Rs 60,000 /month",60000.0,Nugegoda
room-annex-rentals,Rent Rooms Negombo,"Rs 20,000 /month",20000.0,Negombo
room-annex-rentals,Annex for Rent Thalawatugoda,"Rs 24,000 /month",24000.0,Kurunegala
room-annex-rentals,Room for Rent in Katubedda,"Rs 10,000 /month",10000.0,Boralasgamuwa
room-annex-rentals,Boarding Rooms for Girls in Gothatuwa (IDH),"Rs 10,000 /month",10000.0,Kottawa
room-annex-rentals,Annex for Rent in Kandy,"Rs 60,000 /month",60000.0,Kandy
room-annex-rentals,Boarding Room Spaces Rent Panadura Town,"Rs 6,500 /month",6500.0,Panadura
room-annex-rentals,Room for rent in mount lavinia,"Rs 20,000 /month",20000.0,Mount Lavinia
room-annex-rentals,Annex for Rent in Rathmalana Borupana Road.,"Rs 75,000 /month",75000.0,Colombo
room-annex-rentals,Room for Rent (Girls) - Pannipitiya,"Rs 15,000 /month",15000.0,Pannipitiya
room-annex-rentals,rooms for rent only boys athul kotte (sm122),"Rs 12,000 /month",12000.0,Kotte
room-annex-rentals,Room for rent in Kaduwela,"Rs 18,000 /month",18000.0,Kaduwela
room-annex-rentals,Room for Rent in Seeduwa,"Rs 9,000 /month",9000.0,Thalawathugoda
room-annex-rentals,Rooms for Rent in Katunayake,"Rs 15,000 /month",15000.0,Pannipitiya
room-annex-rentals,Rooms For Rent in Anuradhapura,"Rs 25,000 /month",25000.0,Anuradhapura
room-annex-rentals,Room for Rent Ladies Only Maharagama,"Rs 20,000 /month",20000.0,Maharagama
room-annex-rentals,පිරිමි ළමුන් සඳහා බෝඩිම් කාමර - අනුරාධපුර,"Rs 7,000 /month",7000.0,Katugastota
room-annex-rentals,Room for Moratuwa University Girls,"Rs 13,500 /month",13500.0,Moratuwa
room-annex-rentals,Room for Rent in Jaffna Town (girls Only),"Rs 10,000 /month",10000.0,Jaffna
room-annex-rentals,Annex for Rent in Maharagama,"Rs 40,000 /month",40000.0,Maharagama
room-annex-rentals,Girls Boarding Room Rent at Dehiwala near fly over,"Rs 9,000 /month",9000.0,Dehiwala
room-annex-rentals,Room for Rent Colombo 10,"Rs 15,000 /month",15000.0,Colombo
room-annex-rentals,Boys Accommodation Rooms Nugegoda,"Rs 15,000 /month",15000.0,Nugegoda
room-annex-rentals,Room for Rent Ganemulla,"Rs 7,000 /month",7000.0,Kotte
room-annex-rentals,Room (Working Girls Only ) Rent in Maharagama,"Rs 28,000 /month",28000.0,Maharagama
room-annex-rentals,කඩුගන්නාව නගරය ආසන්නයේ බෝඩිම්,"Rs 12,000 /month",12000.0,Kottawa
room-annex-rentals,Annex For Rent In Mattegoda,"Rs 30,000 /month",30000.0,Kollupitiya
room-annex-rentals,Room for Rent Malabe,"Rs 15,000 /month",15000.0,Malabe
room-annex-rentals,Annex for Rental - Kottawa,"Rs 25,000 /month",25000.0,Kottawa
room-annex-rentals,Annex for Rent Kochchikade,"Rs 20,000 /month",20000.0,Kandana
room-annex-rentals,Room for Rent near Athurugiriya Town,"Rs 17,000 /month",17000.0,Athurugiriya
room-annex-rentals,Rooms for Rent - Iranamadu,"Rs 15,000 /month",15000.0,Ragama
room-annex-rentals,Room for Rent Moratuwa,"Rs 12,000 /month",12000.0,Moratuwa
room-annex-rentals,Room In Maharagama,"Rs 25,000 /month",25000.0,Maharagama
room-annex-rentals,Annex for Rent Ja Ela,"Rs 18,000 /month",18000.0,Ja Ela
room-annex-rentals,Room for Rent Piliyandala,"Rs 8,000 /month",8000.0,Piliyandala
room-annex-rentals,Room for Rent Girls in Delkada,"Rs 13,000 /month",13000.0,Thalawathugoda
room-annex-rentals,Sharing Room for Working Girls - Nawala,"Rs 12,000 /month",12000.0,Nawala
room-annex-rentals,"ROOM & ANNEX FOR RENT IN BELIGAHA JUNCTION,GALLE","Rs 25,000 /month",25000.0,Galle
room-annex-rentals,"Boarding Rooms For Rent In Thambiligasmulla Junction, Kiribathgoda","Rs 13,000 /month",13000.0,Kiribathgoda
room-annex-rentals,Upstair Annex For Rent Rajagiriya CH1719,"Rs 210,000 /month",210000.0,Rajagiriya
room-annex-rentals,Annex For Rent Rajagiriya Park Lane CH1718,"Rs 200,000 /month",200000.0,Rajagiriya
room-annex-rentals,3 Rooms Annex Near Labuduwa Farm Rent,"Rs 30,000 /month",30000.0,Wattala
room-annex-rentals,Annex for Rent in Jaela,"Rs 25,000 /month",25000.0,Nawala
room-annex-rentals,Boarding for Boys in Colombo 3 (kollupitiya),"Rs 13,000 /month",13000.0,Kollupitiya
room-annex-rentals,Boarding Rooms for Rent Peradeniya,"Rs 9,000 /month",9000.0,Angoda
room-annex-rentals,Room for Rent in Kelaniya - Female Only,"Rs 25,000 /month",25000.0,Kelaniya
room-annex-rentals,කාමරයක් කුලියට දීමට - ගනේවත්ත,"Rs 15,000 /month",15000.0,Colombo
room-annex-rentals,piliyandala rooms for rent only boys(sm123),"Rs 12,500 /month",12500.0,Piliyandala
room-annex-rentals,Room for Rent in Malabe Boys,"Rs 17,000 /month",17000.0,Malabe
room-annex-rentals,Room for Rent in Nawala only 2 Working Girls,"Rs 15,000 /month",15000.0,Nawala
room-annex-rentals,Annex for Rent In Minuwangoda,"Rs 45,000 /month",45000.0,Nugegoda
room-annex-rentals,Modern Rooms for Rent Girls - Colombo 6,"Rs 25,000 /month",25000.0,Colombo
room-annex-rentals,Room (Only Ladies) for Rent in Boralesgamuwa,"Rs 11,000 /month",11000.0,Boralesgamuwa
room-annex-rentals,Sharing Room for Girls in Battaramulla,"Rs 8,000 /month",8000.0,Thalawathugoda
room-annex-rentals,Perfect Annex for a Couple in Ja-ela,"Rs 35,000 /month",35000.0,Ja Ela
room-annex-rentals,Annex For Rent - Kegalle,"Rs 20,000 /month",20000.0,Kegalle
room-annex-rentals,Room for Rent in Pradeniya,"Rs 18,000 /month",18000.0,Badulla
room-annex-rentals,Room for Rent in Peradeniya (Only Ladies),"Rs 18,000 /month",18000.0,Wellawatta
room-annex-rentals,Room for Rent Homagama,"Rs 15,000 /month",15000.0,Homagama
room-annex-rentals,Rooms for Female Student and Working Ladies in Wijerama Nugegoda,"Rs 8,000 /month",8000.0,Nugegoda
room-annex-rentals,2 Bed Rooms Annex for Rent Doranagoda,"Rs 25,000 /month",25000.0,Wellawatta
room-annex-rentals,Rooms Rent for Girls in Boralesgamuwa,"Rs 12,000 /month",12000.0,Boralesgamuwa
room-annex-rentals,Rooms for Rent in Kaduwela (welivita 143 Bus Root) (male),"Rs 17,000 /month",17000.0,Kaduwela
room-annex-rentals,Boarding Room for Rent in Kottawa (Girls),"Rs 12,500 /month",12500.0,Kottawa
room-annex-rentals,Annex for Rent Is Narahenpita,"Rs 45,000 /month",45000.0,Anuradhapura
room-annex-rentals,Room for Rent - Mount Lavinia,"Rs 40,000 /month",40000.0,Mount Lavinia
room-annex-rentals,"Modern, well configured studio-type units for rent: Dalugama, Kelaniya","Rs 65,000 /month",65000.0,Kelaniya
room-annex-rentals,Annex for Rent in Thalawathugoda,"Rs 40,000 /month",40000.0,Thalawathugoda
room-annex-rentals,පිරිමි ළමුන් සදහා නාවාතැන් පහසුකම් ඇත Maharagama,"Rs 24,000 /month",24000.0,Maharagama
room-annex-rentals,Room For Rent in Nugegoda,"Rs 10,000 /month",10000.0,Nugegoda
room-annex-rentals,Separated Room Rent in Rajagiriya-Kalapaluwawa for 2 Girls,"Rs 20,000 /month",20000.0,Rajagiriya
room-annex-rentals,"Room for Rent in Mahabage,Ragama","Rs 20,000 /month",20000.0,Ragama
room-annex-rentals,Single Room For Rent at Piliyandala (Gents Only),"Rs 10,000 /month",10000.0,Piliyandala
room-annex-rentals,Room for Rent in Colombo 10 ( Girls only ),"Rs 9,000 /month",9000.0,Colombo
room-annex-rentals,Rooms for Rent in Moratuwa (girls),"Rs 7,000 /month",7000.0,Moratuwa
room-annex-rentals,Rooms for Rent in Katunayake,"Rs 30,000 /month",30000.0,Kotte
room-annex-rentals,Room for Rent in Malabe - Girls,"Rs 30,000 /month",30000.0,Malabe
room-annex-rentals,Rooms for Rent in Ratmalana,"Rs 11,000 /month",11000.0,Ekala
room-annex-rentals,Annex for Rent at Kohuwala - NRE 04,"Rs 45,000 /month",45000.0,Kohuwala
room-annex-rentals,Sharing Room for working 2 boys,"Rs 13,000 /month",13000.0,Kalubowila
room-annex-rentals,Single Room for KDU Female Student Only Ratmalana,"Rs 20,000 /month",20000.0,Athurugiriya
room-annex-rentals,Rooms for Rent Girls only Meegoda,"Rs 17,000 /month",17000.0,Badulla
room-annex-rentals,Girls Rooms for Rent in Dehiwala,"Rs 14,000 /month",14000.0,Dehiwala
room-annex-rentals,HOUSE FOR RENT IN NUGEGODA.-HR-793,"Rs 40,000 /month",40000.0,Nugegoda
room-annex-rentals,Upstair Room (Only for Male) Rent in Kottawa,"Rs 17,000 /month",17000.0,Kottawa
room-annex-rentals,"Room (Only Girls) for Rent in Nugegoda, Mirihana","Rs 30,000 /month",30000.0,Nugegoda
room-annex-rentals,Room for Rent in Rajagiriya ( Girls Only ),"Rs 6,500 /month",6500.0,Rajagiriya
room-annex-rentals,Office Girls Sharing Boarding Rooms Rent Nugegoda,"Rs 10,000 /month",10000.0,Nugegoda
room-annex-rentals,"Room for Rent in Kalubowila, Dehiwala","Rs 8,000 /month",8000.0,Kalubowila
room-annex-rentals,Room for Rent in Kadawatha ( Girls only ),"Rs 15,000 /month",15000.0,Kadawatha
room-annex-rentals,Single Room for Rent in Kirulapone,"Rs 30,000 /month",30000.0,Kadawatha
room-annex-rentals,Room for Rent Battaramulla,"Rs 12,000 /month",12000.0,Athurugiriya
room-annex-rentals,Room for Rent in Nugegoda,"Rs 27,000 /month",27000.0,Nugegoda
room-annex-rentals,Annex for Rent Kesbewa,"Rs 30,000 /month",30000.0,Kotte
room-annex-rentals,Girls Sharing Room Available for Rent Wellawatte,"Rs 15,000 /month",15000.0,Galle
room-annex-rentals,Room for rent dehiwala,"Rs 15,000 /month",15000.0,Dehiwala
room-annex-rentals,Dehiwala Annex for Rent Near Galle Road ( only Ladies),"Rs 45,000 /month",45000.0,Dehiwala
room-annex-rentals,Sharing Room For Rent At Pannipitiya,"Rs 20,000 /month",20000.0,Pannipitiya
room-annex-rentals,ROOMS FOR RENT BATTARAMULLA BOYS ONLY,"Rs 8,500 /month",8500.0,Piliyandala
room-annex-rentals,Room for Rent Marawila,"Rs 12,000 /month",12000.0,Kiribathgoda
room-annex-rentals,Room for Rent in Mount Lavinia,"Rs 4,000 /month",4000.0,Mount Lavinia
room-annex-rentals,Single Room for Rent a Boy in Maharagama,"Rs 22,000 /month",22000.0,Maharagama
room-annex-rentals,Unfurnished Upstairs Annex For Rent in Kotte,"Rs 65,000 /month",65000.0,Kotte
room-annex-rentals,Rooms for Rent in Boralesgamuwa,"Rs 26,000 /month",26000.0,Boralesgamuwa
room-annex-rentals,"Luxury Ensuite Room for Rent in Jawatte, Colombo 5","Rs 45,000 /month",45000.0,Colombo
room-annex-rentals,Annex for Rent Kelaniya,"Rs 17,000 /month",17000.0,Kelaniya
room-annex-rentals,Rooms Rent for Ladies in Maharagama,"Rs 18,000 /month",18000.0,Maharagama
room-annex-rentals,"Fully Furnished Upstair Annex for Rent in Dehiwala, (for 4 persons)","Rs 72,000 /month",72000.0,Dehiwala
room-annex-rentals,Single and Sharing Rooms with Attached Bathroom Kelaniya,"Rs 7,500 /month",7500.0,Kelaniya
room-annex-rentals,Room for Rent Kandana,"Rs 9,000 /month",9000.0,Kandana
room-annex-rentals,Room for Rent - Kalutara,"Rs 10,000 /month",10000.0,Kalutara
room-annex-rentals,Large Room for rent Maharagama | Navinna,"Rs 28,000 /month",28000.0,Maharagama
room-annex-rentals,Double Room for Rent Mount Lavinia - University Students,"Rs 23,000 /month",23000.0,Mount Lavinia
room-annex-rentals,Room for rent in Kesbawa Girls Only,"Rs 6,000 /month",6000.0,Nawala
room-annex-rentals,Annex for Rent in Thalawathugoda,"Rs 28,000 /month",28000.0,Thalawathugoda
room-annex-rentals,Furnished 1BR Annex with AC/Hot Water for Rent in Negombo,"Rs 60,000 /month",60000.0,Negombo
room-annex-rentals,"Room (Only Girls) for Rent in Nugegoda, Mirihana","Rs 8,500 /month",8500.0,Nugegoda
room-annex-rentals,Sharing Rooms For Girls,"Rs 9,000 /month",9000.0,Wellawatta
room-annex-rentals,Room for Rent in Colombo,"Rs 29,000 /month",29000.0,Colombo
room-annex-rentals,"Boarding Rooms for Rent in Kirillawala, Kadawatha (girls Only)","Rs 10,000 /month",10000.0,Kadawatha
room-annex-rentals,Sharing Rooms Rent for Girls in Mount Lavinia,"Rs 12,500 /month",12500.0,Mount Lavinia
room-annex-rentals,Colombo 5 Annex for Rent one Bedroom with Large Balcony,"Rs 40,000 /month",40000.0,Colombo
room-annex-rentals,Annex for Rent in Malabe Thalahena,"Rs 40,000 /month",40000.0,Malabe
room-annex-rentals,Room for Rent Malabe,"Rs 35,000 /month",35000.0,Malabe
room-annex-rentals,Room for Rent in Mahabage,"Rs 20,000 /month",20000.0,Wattala
room-annex-rentals,Walk to KDU! Secure & Affordable Boys Hostel,"Rs 10,000 /month",10000.0,Anuradhapura
room-annex-rentals,Room for Rent - Mount Lavinia,"Rs 33,000 /month",33000.0,Mount Lavinia
room-annex-rentals,Room for Rent - Two Girls Boralesgamuwa,"Rs 11,000 /month",11000.0,Boralesgamuwa
room-annex-rentals,semi furnished room for rent - Colombo 6,"Rs 60,000 /month",60000.0,Colombo
room-annex-rentals,Rooms for Rent at Kaitady Jaffna,"Rs 7,500 /month",7500.0,Jaffna
room-annex-rentals,ROOMS FOR RENT BATTARAMULLA.,"Rs 25,000 /month",25000.0,Wattala
room-annex-rentals,Annex for Rent in Panadura,"Rs 23,000 /month",23000.0,Panadura
room-annex-rentals,Room for Rent in Ja Ela,"Rs 20,000 /month",20000.0,Ja Ela
room-annex-rentals,Room for Rent in Kadawatha,"Rs 35,000 /month",35000.0,Kadawatha
room-annex-rentals,Room (Only Girls) Rent in Maharagama,"Rs 40,000 /month",40000.0,Maharagama
room-annex-rentals,ROOMS FOR RENT NAWALA KOSWATTA,"Rs 15,000 /month",15000.0,Nawala
room-annex-rentals,Room for Rent in Rajagiriya (Girls Only),"Rs 8,000 /month",8000.0,Rajagiriya
room-annex-rentals,Rooms for rent in Rathmalana,"Rs 17,500 /month",17500.0,Thalawathugoda
room-annex-rentals,Annex for rent in Rathmalana,"Rs 18,000 /month",18000.0,Thimbirigasyaya
room-annex-rentals,Room for Rent in Rajagiriya,"Rs 15,000 /month",15000.0,Rajagiriya
room-annex-rentals,Boarding Rooms Rent for University Girls or Working in Kirulapana,"Rs 15,000 /month",15000.0,Boralesgamuwa
room-annex-rentals,Rooms for Rent Gothatuwa New Town (idh),"Rs 12,500 /month",12500.0,Boralesgamuwa
room-annex-rentals,Annex for Rent in Madinnagoda,"Rs 70,000 /month",70000.0,Nawala
room-annex-rentals,Furnished 2 Bedroomed Private Apartment for Rent Madiwela,"Rs 150,000 /month",150000.0,Kohuwala
room-annex-rentals,Sharing Room In Kelaniya - Girls Only for rent,"Rs 7,500 /month",7500.0,Kelaniya
room-annex-rentals,"Annex for Rent in Polgolla, Kandy","Rs 28,000 /month",28000.0,Kandy
room-annex-rentals,Sharing Room for Girls Colombo 5,"Rs 10,500 /month",10500.0,Colombo
room-annex-rentals,Room for Rent in Dehiwala,"Rs 16,000 /month",16000.0,Dehiwala
room-annex-rentals,Spacious Boarding Rooms for Rent in Mount Lavinia,"Rs 15,000 /month",15000.0,Mount Lavinia
room-annex-rentals,pannipitiya room for rent in girls (sm505),"Rs 25,000 /month",25000.0,Pannipitiya
room-annex-rentals,Room for Rent Nugegoda,"Rs 20,000 /month",20000.0,Nugegoda
room-annex-rentals,Fully Furnished Stylish Private Portion for Rent- Mount Lavinia,"Rs 90,000 /month",90000.0,Mount Lavinia
room-annex-rentals,Annex in Godagama Town,"Rs 35,000 /month",35000.0,Godagama
room-annex-rentals,Room For Rent in Galle,"Rs 22,000 /month",22000.0,Galle
room-annex-rentals,Room (only Ladies) for Rent in Nayakakanda Wattala,"Rs 16,500 /month",16500.0,Wattala
room-annex-rentals,Annex for Rent in Ratmalna,"Rs 30,000 /month",30000.0,Andiambalama
room-annex-rentals,Room for Rent in Mount Lavinia,"Rs 19,000 /month",19000.0,Mount Lavinia
room-annex-rentals,Rooms for Rent in Kandy (For Girls),"Rs 7,000 /month",7000.0,Kandy
room-annex-rentals,Annex for Rent in Gampaha,"Rs 45,000 /month",45000.0,Gampaha
room-annex-rentals,Student Room for Rent -Malabe,"Rs 15,000 /month",15000.0,Malabe
room-annex-rentals,Sharing Room for Rent - Students Girls at Maharagama,"Rs 10,000 /month",10000.0,Maharagama
room-annex-rentals,1 Bed Annex for Rent Anuradhapura,"Rs 25,000 /month",25000.0,Anuradhapura
room-annex-rentals,Room For Rent in Dehiwala,"Rs 9,000 /month",9000.0,Dehiwala
room-annex-rentals,Room for Rent in Kottawa,"Rs 15,000 /month",15000.0,Kottawa
room-annex-rentals,Shared Room for Rent in Boralesgamuwa - Girls,"Rs 17,500 /month",17500.0,Boralesgamuwa
room-annex-rentals,"Annex for Rent in Nugegoda ,Wijerama","Rs 36,000 /month",36000.0,Nugegoda
room-annex-rentals,Annex for Rent in Ratmalana,"Rs 10,000 /month",10000.0,Boralesgamuwa
room-annex-rentals,Annex for Rent in Homagama,"Rs 55,000 /month",55000.0,Homagama
room-annex-rentals,Annex for Rent in Colombo 07,"Rs 70,000 /month",70000.0,Colombo
room-annex-rentals,Rooms for Rent Homagama (For Girls),"Rs 8,000 /month",8000.0,Homagama
room-annex-rentals,Room for Rent - Gothatuwa Idh,"Rs 12,000 /month",12000.0,Kaduwela
room-annex-rentals,Rooms for Rent - Borupana,"Rs 36,000 /month",36000.0,Kaduwela
room-annex-rentals,"Room (only Ladies) for Rent in Nugegoda, Wijerama","Rs 23,000 /month",23000.0,Nugegoda
room-annex-rentals,Room Rent for Boys Nugegoda,"Rs 15,000 /month",15000.0,Nugegoda
room-annex-rentals,Room for Rent Dehiwala (Gents Only),"Rs 30,000 /month",30000.0,Dehiwala
room-annex-rentals,Nawala Shared Room for 2 Girls,"Rs 26,000 /month",26000.0,Nawala
room-annex-rentals,Annex for Rent in Katugastota,"Rs 12,000 /month",12000.0,Katugastota
room-annex-rentals,"Furnished Room for Rent in Maharagama,boralesgamuwa","Rs 35,000 /month",35000.0,Boralesgamuwa
room-annex-rentals,Bording Room for Rent in Colombo 9,"Rs 12,000 /month",12000.0,Colombo
room-annex-rentals,Annexe for Rent in Gampola,"Rs 25,000 /month",25000.0,Godagama
room-annex-rentals,Maharagama Navinna - Rooms for Rent,"Rs 20,000 /month",20000.0,Maharagama
room-annex-rentals,Annex for Rent in Negombo,"Rs 45,000 /month",45000.0,Negombo
room-annex-rentals,Rooms for Rent Battaramulla,"Rs 40,000 /month",40000.0,Piliyandala
room-annex-rentals,Rooms for Rent Panadura,"Rs 7,000 /month",7000.0,Panadura
room-annex-rentals,මාලබේ Room for Rent,"Rs 12,500 /month",12500.0,Katugastota
room-annex-rentals,Room for Rent in Kaduwela,"Rs 10,000 /month",10000.0,Kaduwela
room-annex-rentals,"Two-Bedroom Annex for Rent – Prime Location in Angunawala, Peradeniya","Rs 50,000 /month",50000.0,Biyagama
room-annex-rentals,Room for Rent Bambalapitiya,"Rs 45,000 /month",45000.0,Bambalapitiya
room-annex-rentals,Room For Rent Peradeniya,"Rs 9,500 /month",9500.0,Jaffna
room-annex-rentals,Annex for Rent කුරුණෑගල,"Rs 20,000 /month",20000.0,Dehiwala
room-annex-rentals,Annex for Rent in Wennappuwa,"Rs 18,000 /month",18000.0,Angoda
room-annex-rentals,Room for Rent Iriyawetiya,"Rs 9,500 /month",9500.0,Katugastota
room-annex-rentals,Rooms for Girls in Batteramulla,"Rs 10,500 /month",10500.0,Malabe
room-annex-rentals,Luxury Annex for Rent Kundasala,"Rs 25,000 /month",25000.0,Thalawathugoda
room-annex-rentals,Single Room for Rent in Ratmalana,"Rs 18,000 /month",18000.0,Kottawa
room-annex-rentals,Semi furnished ground floor annex for rent in Mount Lavinia,"Rs 40,000 /month",40000.0,Mount Lavinia
room-annex-rentals,Sharing Room for Rent in Borella Colombo 08,"Rs 60,000 /month",60000.0,Colombo
room-annex-rentals,Singel Storey House For Rent Boading Or Staff DE1650,"Rs 255,000 /month",255000.0,Gampaha
room-annex-rentals,Singel Storey House For Rent Union Place Col 02 Staffs DE1649,"Rs 250,000 /month",250000.0,Wellawatta
room-annex-rentals,Room for rent bathtaramulla koswaththa,"Rs 25,000 /month",25000.0,Kalutara
room-annex-rentals,කාන්තා නවාතැන් සහ කාමර Ratnapura,"Rs 11,000 /month",11000.0,Ratnapura
room-annex-rentals,Room for Rent in Maharagama (girls Only),"Rs 12,000 /month",12000.0,Maharagama
room-annex-rentals,One bedroom apartment,"Rs 55,000 /month",55000.0,Mahara
room-annex-rentals,Modern Annex for Rent Chapel Road Nugegoda,"Rs 175,000 /month",175000.0,Nugegoda
room-annex-rentals,Room for Rent in Mount Lavinia,"Rs 18,000 /month",18000.0,Mount Lavinia
room-annex-rentals,Room for Rent in Battaramulla with Furniture (SP890),"Rs 35,000 /month",35000.0,Kandana
room-annex-rentals,Annex for Rent - Nugegoda,"Rs 48,500 /month",48500.0,Nugegoda
room-annex-rentals,Annex for Rent in Kandana,"Rs 28,000 /month",28000.0,Kandana
room-annex-rentals,Downstair Room for Rent in Battaramulla,"Rs 25,000 /month",25000.0,Mount Lavinia
room-annex-rentals,Room for Rent - Peradeniya,"Rs 14,000 /month",14000.0,Ja Ela
room-annex-rentals,Furnished Room for Rent Girl Mount Lavinia,"Rs 30,000 /month",30000.0,Mount Lavinia
room-annex-rentals,Boarding Room for Rent In Piliyandala - Girls Only,"Rs 8,000 /month",8000.0,Piliyandala
room-annex-rentals,Room for Rent in Pannipitiya - Boys,"Rs 16,000 /month",16000.0,Pannipitiya
room-annex-rentals,Room for rent Girl Only,"Rs 26,000 /month",26000.0,Mahara
room-annex-rentals,"Rooms for Rent Kuruduwatta, Galle","Rs 6,500 /month",6500.0,Galle
room-annex-rentals,"Room for Rent in Rawathawatta, Moratuwa","Rs 35,000 /month",35000.0,Moratuwa
room-annex-rentals,Semi furnished Annex for rent - Mount Lavinia,"Rs 55,000 /month",55000.0,Mount Lavinia
room-annex-rentals,02 Bedroom annex for rent - Dehiwala,"Rs 60,000 /month",60000.0,Dehiwala
room-annex-rentals,Nugegoda - Annex Type House for rent,"Rs 60,000 /month",60000.0,Nugegoda
room-annex-rentals,Fully Furnished Annex Rent In Galle,"Rs 70,000 /month",70000.0,Galle
room-annex-rentals,Room For Rent in Homagama,"Rs 12,500 /month",12500.0,Homagama
room-annex-rentals,Room for rent in Biyagama,"Rs 20,000 /month",20000.0,Biyagama
room-annex-rentals,Annex for Rent in Pamunugama Jaela,"Rs 30,000 /month",30000.0,Kaduwela
room-annex-rentals,Rooms for Rent in Mount Lavinia,"Rs 15,000 /month",15000.0,Mount Lavinia
room-annex-rentals,"Rooms for Rent in Navinna, Maharagama","Rs 22,000 /month",22000.0,Maharagama
room-annex-rentals,Shared Room for Men Dehiwala,"Rs 25,000 /month",25000.0,Dehiwala
room-annex-rentals,Room for Rent - Nugegoda,"Rs 25,000 /month",25000.0,Nugegoda
room-annex-rentals,Room for Rent in Gampola,"Rs 25,000 /month",25000.0,Kotugoda
room-annex-rentals,Annex for Rent in Malabe,"Rs 65,000 /month",65000.0,Malabe
room-annex-rentals,Room for Rent in Nugegoda,"Rs 26,000 /month",26000.0,Nugegoda
room-annex-rentals,separate individual room with Attached bathroom rent dehiwala quarry rd,"Rs 30,000 /month",30000.0,Dehiwala
room-annex-rentals,Room for 2 Males or Females Rent in Nugegoda,"Rs 20,000 /month",20000.0,Nugegoda
room-annex-rentals,Room for Rent- Battaramulla (koswatta),"Rs 25,000 /month",25000.0,Kottawa
room-annex-rentals,Rooms for Rent Boys in Kesbewa,"Rs 4,500 /month",4500.0,Kiribathgoda
room-annex-rentals,Room Rent Battaramulla Koswatta,"Rs 15,000 /month",15000.0,Borella
room-annex-rentals,Annex for Rent in Matara,"Rs 48,000 /month",48000.0,Matara
room-annex-rentals,Ladies Boarding Rooms for Rent in Colombo 6,"Rs 30,000 /month",30000.0,Colombo
room-annex-rentals,Room for Rent - Colombo 5,"Rs 13,500 /month",13500.0,Colombo
room-annex-rentals,Rooms for Rent Peradeniya,"Rs 15,500 /month",15500.0,Homagama
room-annex-rentals,Room for Rent in Maharagama,"Rs 25,000 /month",25000.0,Maharagama
room-annex-rentals,Room for Rent In Borella (Ladies Only),"Rs 50,000 /month",50000.0,Borella
room-annex-rentals,Upstairs Annex for Rent Galle,"Rs 35,000 /month",35000.0,Galle
room-annex-rentals,Fully Furnished Luxury Studio Type Annex at Kelaniya (tire Junction),"Rs 75,000 /month",75000.0,Kelaniya
room-annex-rentals,Room For Rent in Mawanella,"Rs 10,000 /month",10000.0,Kiribathgoda
room-annex-rentals,Rooms for Rent (Upstairs) in Horana,"Rs 8,000 /month",8000.0,Malabe
room-annex-rentals,Rooms for Girls Rent in Katubedda,"Rs 12,500 /month",12500.0,Piliyandala
room-annex-rentals,Annex for Rent in Dehiwala,"Rs 45,000 /month",45000.0,Dehiwala
room-annex-rentals,Annex for Rent - Nugegoda,"Rs 100,000 /month",100000.0,Nugegoda
room-annex-rentals,Rooms For Rent Mount Lavinia,"Rs 13,000 /month",13000.0,Mount Lavinia
room-annex-rentals,Room for Rent Kadawatha,"Rs 10,000 /month",10000.0,Kadawatha
room-annex-rentals,Annex for Rent in Matara,"Rs 17,000 /month",17000.0,Matara
room-annex-rentals,Annex for rent in Kiribathgoda Housing Scheme,"Rs 35,000 /month",35000.0,Kiribathgoda
room-annex-rentals,"Room Facilities in Unawatuna, Galle","Rs 13,500 /month",13500.0,Galle
room-annex-rentals,Rooms for Rent Wattala,"Rs 10,000 /month",10000.0,Wattala
room-annex-rentals,"Room for Rent in Hapugala , Galle","Rs 30,000 /month",30000.0,Galle
room-annex-rentals,Rooms for Rent Jaela,"Rs 18,500 /month",18500.0,Anuradhapura
room-annex-rentals,Room Rent Aturugiriya Females only ගැහැණු ළමයින් සඳහා කාමරයක් කුලියට,"Rs 9,499 /month",9499.0,Moratuwa
room-annex-rentals,Room ( Studio Type ) for Rent in Maharagama Area,"Rs 50,000 /month",50000.0,Maharagama
room-annex-rentals,Furnished Room For Rent Ladies - Rajagiriya,"Rs 28,000 /month",28000.0,Rajagiriya
room-annex-rentals,Room for Rent Ambalangoda,"Rs 12,500 /month",12500.0,Colombo
room-annex-rentals,House Upstair Rent In Kaduwela,"Rs 27,000 /month",27000.0,Kaduwela
room-annex-rentals,Separate upstairs annex for rent in Mount Lavinia,"Rs 45,000 /month",45000.0,Mount Lavinia
room-annex-rentals,Room for Rent කුරුණෑගල,"Rs 10,000 /month",10000.0,Kotte
room-annex-rentals,Room for Rent at Dematagoda,"Rs 35,000 /month",35000.0,Kiribathgoda
room-annex-rentals,Boarding Room for Girls Rent Malabe,"Rs 17,500 /month",17500.0,Malabe
room-annex-rentals,Boarding Rooms for Office Girls in Maharagama,"Rs 10,000 /month",10000.0,Maharagama
room-annex-rentals,Room for Rent Nugegoda,"Rs 17,000 /month",17000.0,Nugegoda
room-annex-rentals,pannipitiya Room for rent in only lady,"Rs 25,000 /month",25000.0,Pannipitiya
room-annex-rentals,Rooms for Rent in Kiribathgoda,"Rs 25,000 /month",25000.0,Kiribathgoda
room-annex-rentals,"Rooms for Rent – Gangarama Road,Werahara,Boralesgamuwa (Ladies Only)","Rs 15,000 /month",15000.0,Boralesgamuwa
room-annex-rentals,Annex for Rent in Kelaniya,"Rs 30,000 /month",30000.0,Kelaniya
room-annex-rentals,Rooms for Rent in Mount lavinia,"Rs 11,000 /month",11000.0,Mount Lavinia
room-annex-rentals,Room (Only Ladies) Rent in Boralesgamuwa,"Rs 15,000 /month",15000.0,Boralesgamuwa
room-annex-rentals,Rooms for Rent in nugegoda | only office girl,"Rs 23,000 /month",23000.0,Nugegoda
room-annex-rentals,Room For Rent in Athurugiriya,"Rs 10,000 /month",10000.0,Athurugiriya
room-annex-rentals,RENTAL Thimbirigasyaya 1st Floor – Annex / Apartment,"Rs 150,000 /month",150000.0,Thimbirigasyaya
room-annex-rentals,Room for Rent in Rajagiriya Kalapaluwawa,"Rs 15,000 /month",15000.0,Rajagiriya
room-annex-rentals,"Room for Rent in Embuldeniya, Thalapathpitiya","Rs 25,000 /month",25000.0,Kelaniya
room-annex-rentals,Room for Rent (Girls) - Nugegoda,"Rs 13,500 /month",13500.0,Nugegoda
room-annex-rentals,Room for Rent in Gampaha,"Rs 10,000 /month",10000.0,Gampaha
room-annex-rentals,Rooms for Rent in Thanamalwila -For Girls,"Rs 7,500 /month",7500.0,Thalawathugoda
room-annex-rentals,Annex for Rent Nugegoda,"Rs 25,000 /month",25000.0,Nugegoda
room-annex-rentals,Upstairs Annex for Rent in Kiribathgoda,"Rs 40,000 /month",40000.0,Kiribathgoda
room-annex-rentals,Homagama Room for Rent,"Rs 18,000 /month",18000.0,Homagama
room-annex-rentals,Rooms for Rent in Malabe,"Rs 16,000 /month",16000.0,Malabe
room-annex-rentals,Rooms for Working Girls at Katubedda,"Rs 13,000 /month",13000.0,Kiribathgoda
room-annex-rentals,Annex For Rent in Biygama,"Rs 35,000 /month",35000.0,Ragama
room-annex-rentals,2nd floor separate room with attached bathroom rent in mt Lavinia,"Rs 25,000 /month",25000.0,Wattala
room-annex-rentals,Sharing Room for Rent - Rajagiriya,"Rs 17,000 /month",17000.0,Rajagiriya
room-annex-rentals,Rooms for Rent Kiribathgoda,"Rs 13,000 /month",13000.0,Kiribathgoda
room-annex-rentals,Rooms Rent for Men Angoda,"Rs 9,000 /month",9000.0,Angoda
room-annex-rentals,Boarding Room Girls Only - Homagama,"Rs 11,000 /month",11000.0,Homagama
room-annex-rentals,Room for Rent in Moratuwa,"Rs 16,500 /month",16500.0,Moratuwa
room-annex-rentals,Annex Rent at Nugegoda,"Rs 34,000 /month",34000.0,Nugegoda
room-annex-rentals,Room with Private Balcony - Furnished Gothatuwa,"Rs 35,000 /month",35000.0,Ja Ela
room-annex-rentals,Room for Rent Dehiwala,"Rs 13,000 /month",13000.0,Dehiwala
room-annex-rentals,1 Bed Annex (only Gent) for Rent in Attidiya,"Rs 15,000 /month",15000.0,Kottawa
room-annex-rentals,Room for Rent in Malabe,"Rs 15,000 /month",15000.0,Malabe
room-annex-rentals,Rooms for Rent Boys at Malabe,"Rs 18,000 /month",18000.0,Malabe
room-annex-rentals,Separate annex for rent in rathmalana,"Rs 30,000 /month",30000.0,Galle
room-annex-rentals,Room for Rent Suwarapola - Only Girls,"Rs 10,000 /month",10000.0,Kotugoda
room-annex-rentals,Annex for Rent Matara,"Rs 18,000 /month",18000.0,Matara
room-annex-rentals,Rooms for Rent in Ratmalana - only Girls,"Rs 10,000 /month",10000.0,Kollupitiya
room-annex-rentals,Rooms For Rent (Only ladies) - Gothatuwa,"Rs 15,000 /month",15000.0,Kotugoda
room-annex-rentals,Furnished Annex for rent - Kotte,"Rs 75,000 /month",75000.0,Kotte
room-annex-rentals,Furnished Annex for Rent - Kelaniya,"Rs 75,000 /month",75000.0,Kelaniya
room-annex-rentals,පිරිමි ළමුන් සඳහා කාමරයක් කුලියට දීමට - Boralesgamuwa,"Rs 10,000 /month",10000.0,Boralesgamuwa
room-annex-rentals,Room for Only Girls Colombo 14,"Rs 30,000 /month",30000.0,Colombo
room-annex-rentals,Room Rent in Malabe,"Rs 25,000 /month",25000.0,Malabe
room-annex-rentals,AC Annex for rent in negombo,"Rs 30,000 /month",30000.0,Negombo
room-annex-rentals,"Sharing Room For Rent In Nugegoda, Delkanda - Girls Only","Rs 5,000 /month",5000.0,Nugegoda
room-annex-rentals,Shared Men's Hostel in Prime location Narahenpita!,"Rs 17,500 /month",17500.0,Kadawatha
room-annex-rentals,Single Room for Rent in Badulla Town,"Rs 15,000 /month",15000.0,Badulla
room-annex-rentals,Annex For Rent in Pahala Ibulgoda,"Rs 20,000 /month",20000.0,Wellawatta
room-annex-rentals,One Room For Rent Rathmalana,"Rs 12,500 /month",12500.0,Kelaniya
room-annex-rentals,Rooms in Kiribathgoda for Rent,"Rs 10,000 /month",10000.0,Kiribathgoda
room-annex-rentals,කොට්ටාවේ කාමර කුලියට,"Rs 20,000 /month",20000.0,Wellawatta
room-annex-rentals,Annex for Rent in Minuwangoda,"Rs 25,000 /month",25000.0,Kegalle
room-annex-rentals,Room for Rent in Kolonnawa Ladies Only,"Rs 12,000 /month",12000.0,Rajagiriya
room-annex-rentals,Rooms for Rent Homagama,"Rs 10,000 /month",10000.0,Homagama
room-annex-rentals,Room for Rent in Ratmalana,"Rs 10,000 /month",10000.0,Galle
room-annex-rentals,Room for Rent in Borella,"Rs 40,000 /month",40000.0,Borella
room-annex-rentals,Rooms Rent in Only Boys galle,"Rs 7,500 /month",7500.0,Galle
room-annex-rentals,Room For Rent In Dehiwala,"Rs 25,000 /month",25000.0,Dehiwala
room-annex-rentals,"Room for Rent in Wijeyarama, Nugegoda","Rs 18,000 /month",18000.0,Nugegoda
room-annex-rentals,Hostel Room for Rent Malabe ( Male),"Rs 10,000 /month",10000.0,Malabe
room-annex-rentals,Annex Rent for Ratmalana,"Rs 24,000 /month",24000.0,Dehiwala
room-annex-rentals,Rooms Rent in Jaffna Town,"Rs 13,000 /month",13000.0,Jaffna
room-annex-rentals,Room for Rent Nugegoda,"Rs 10,000 /month",10000.0,Nugegoda
room-annex-rentals,Rooms for rent Kirulapone,"Rs 11,500 /month",11500.0,Kalubowila
room-annex-rentals,Rooms for Rent Dehiwala,"Rs 12,000 /month",12000.0,Dehiwala
room-annex-rentals,Room for Rent in Mount Lavinia,"Rs 12,000 /month",12000.0,Mount Lavinia
room-annex-rentals,"Rooms for Rent , Girls Near Sliit Malabe","Rs 15,500 /month",15500.0,Malabe
room-annex-rentals,Annex for Rent in Homagama,"Rs 12,000 /month",12000.0,Homagama
room-annex-rentals,Room for Working girls only in Rajagiriya,"Rs 9,500 /month",9500.0,Rajagiriya
room-annex-rentals,Apartment and Rooms for Rent in Negombo,"Rs 35,000 /month",35000.0,Negombo
room-annex-rentals,Room for Rent in Wattala,"Rs 10,000 /month",10000.0,Wattala
room-annex-rentals,Boardin Rooms for Boys Nugegoda,"Rs 8,000 /month",8000.0,Nugegoda
room-annex-rentals,Rooms for Rent In Nugegoda Gents Only,"Rs 16,000 /month",16000.0,Nugegoda
room-annex-rentals,Homagama Rooms Rent For Girls,"Rs 15,000 /month",15000.0,Homagama
room-annex-rentals,Private and Sharing Rooms Rent for Girls in Malabe,"Rs 18,000 /month",18000.0,Malabe
room-annex-rentals,Room (Only Girls) for Rent in Kottawa,"Rs 18,000 /month",18000.0,Kottawa
room-annex-rentals,"Annex for Rent in Negombo, Daluwakotuwa (Thakkiya road)","Rs 37,000 /month",37000.0,Negombo
room-annex-rentals,Annex for rent in Rathmalana,"Rs 25,000 /month",25000.0,Kandana
room-annex-rentals,Annex For Rent In Kirillawala,"Rs 25,000 /month",25000.0,Pannipitiya
room-annex-rentals,"ROOM & ANNEX FOR RENT IN NUGADUWA,GALLE.","Rs 9,000 /month",9000.0,Galle
room-annex-rentals,Annex for Rent in Hanwella Town,"Rs 10,000 /month",10000.0,Kollupitiya
room-annex-rentals,Room for Rent in Batticaloa,"Rs 9,000 /month",9000.0,Batticaloa
room-annex-rentals,Annex for Rent in Malabe,"Rs 15,000 /month",15000.0,Malabe
room-annex-rentals,Rooms for Girls at Rajagiriya,"Rs 6,000 /month",6000.0,Rajagiriya
room-annex-rentals,"1-Bedroom Fully Furnished Annex for Rent in Hill Street, Dehiwala","Rs 50,000 /month",50000.0,Dehiwala
room-annex-rentals,Room for Rent in Kiribathgoda (Fully Equipped),"Rs 20,000 /month",20000.0,Kiribathgoda
room-annex-rentals,"Room for Rent in Wijerama, Nugegoda Boys Only","Rs 9,000 /month",9000.0,Nugegoda
room-annex-rentals,Room for Rent (girls Only),"Rs 13,000 /month",13000.0,Colombo
room-annex-rentals,Boarding Rooms for Rent in Bandaragama,"Rs 5,000 /month",5000.0,Mount Lavinia
room-annex-rentals,මහරගමින් කාන්තාවන් සඳහා කාමර නවාතැන් පහසුකම්,"Rs 15,000 /month",15000.0,Kiribathgoda
room-annex-rentals,Boarding Rooms for Girls Kurunegala,"Rs 7,000 /month",7000.0,Kurunegala
room-annex-rentals,Annex for Rent Kelaniya,"Rs 50,000 /month",50000.0,Kelaniya
room-annex-rentals,annex for Rent in Kelaniya,"Rs 30,000 /month",30000.0,Kelaniya
room-annex-rentals,Nugegoda Fully Furnished Rooms with Attached Bathrooms for Rent,"Rs 26,500 /month",26500.0,Nugegoda
room-annex-rentals,"Nugegoda, Wijerama Rooms for girls","Rs 6,500 /month",6500.0,Nugegoda
room-annex-rentals,Room For Rent At Kelaniya (only ladies),"Rs 19,000 /month",19000.0,Kelaniya
room-annex-rentals,Rooms for Rent - Kaduwela,"Rs 75,000 /month",75000.0,Kaduwela
room-annex-rentals,Annex for Rent in Battaramulla,"Rs 50,000 /month",50000.0,Katugastota
room-annex-rentals,Room for Rent in Idh Gothatuwa Newtown,"Rs 16,000 /month",16000.0,Kottawa
room-annex-rentals,Boarding Room for Rent in Rajagiriya,"Rs 8,500 /month",8500.0,Rajagiriya
room-annex-rentals,Rooms for Rent - Ladies Nugegoda,"Rs 15,000 /month",15000.0,Nugegoda
room-annex-rentals,Single Room for Rent in Kiribathgoda,"Rs 18,000 /month",18000.0,Kiribathgoda
room-annex-rentals,Annex For Rent In Pita Kotte,"Rs 30,000 /month",30000.0,Kotte
room-annex-rentals,Room For Rent In Colombo 8,"Rs 13,000 /month",13000.0,Colombo
room-annex-rentals,Room For Rent Panadura,"Rs 10,000 /month",10000.0,Panadura
room-annex-rentals,Room for Rent in Nugegoda,"Rs 25,000 /month",25000.0,Nugegoda
room-annex-rentals,2 Beds Room Rent for Girls - Wewalduwa,"Rs 12,000 /month",12000.0,Panadura
room-annex-rentals,Upstairs Annex for Rent Attidiya,"Rs 35,000 /month",35000.0,Kegalle
room-annex-rentals,One Bedroom Annex for Rent - Kottawa,"Rs 25,000 /month",25000.0,Kottawa
room-annex-rentals,Room for Rent in Kottawa,"Rs 15,000 /month",15000.0,Kottawa
room-annex-rentals,Room for Rent Nugegoda,"Rs 21,500 /month",21500.0,Nugegoda
room-annex-rentals,Room for Rent Kaduwela,"Rs 25,000 /month",25000.0,Kaduwela
room-annex-rentals,Rooms for Rent - Wattala,"Rs 30,000 /month",30000.0,Wattala
room-annex-rentals,Room For Rent Rassandeniya Matara,"Rs 20,000 /month",20000.0,Matara
room-annex-rentals,Rooms Rent for Girls Rathmalana,"Rs 12,500 /month",12500.0,Anuradhapura
room-annex-rentals,Room for Rent ( only Girls) Mount Lavinia,"Rs 15,000 /month",15000.0,Mount Lavinia
room-annex-rentals,Rooms For Rent In Cotta Road Borella,"Rs 20,000 /month",20000.0,Borella
room-annex-rentals,Room for Rent in Rajagiriya Studying Girls / Working Ladies,"Rs 22,000 /month",22000.0,Rajagiriya
room-annex-rentals,Rooms for Working Girls Ladies Gampaha Rent,"Rs 12,000 /month",12000.0,Gampaha
room-annex-rentals,Rooms for Rent in Nugegoda (Ladies Only),"Rs 25,000 /month",25000.0,Nugegoda
room-annex-rentals,Room For rent in Boralasgamuwa ( Ladies Only),"Rs 15,000 /month",15000.0,Boralasgamuwa
room-annex-rentals,2 Rooms with Attached Bathroom Kaduwela,"Rs 50,000 /month",50000.0,Kaduwela
room-annex-rentals,AC Rooms For Rent in Boralesgamuwa,"Rs 35,000 /month",35000.0,Boralesgamuwa
room-annex-rentals,Room For Rent in Boralesgamuwa,"Rs 25,000 /month",25000.0,Boralesgamuwa
room-annex-rentals,Room For Rent In Kadawatha,"Rs 12,000 /month",12000.0,Kadawatha
room-annex-rentals,Room for Rent - Nugegoda,"Rs 35,000 /month",35000.0,Nugegoda
room-annex-rentals,Rooms for Rent Wattala,"Rs 12,500 /month",12500.0,Wattala
room-annex-rentals,Rooms for Rent in Nagoda Kalutara,"Rs 11,000 /month",11000.0,Kalutara
room-annex-rentals,"Room for Rent in Thudella, Ja-Ela (Only Girls)","Rs 23,000 /month",23000.0,Ja Ela
room-annex-rentals,Annex for rent in thalduwa,"Rs 20,000 /month",20000.0,Moratuwa
room-annex-rentals,Room For Rent In Kelaniya,"Rs 16,000 /month",16000.0,Kelaniya
room-annex-rentals,Shared Rooms for Rent in Bambalapitiya,"Rs 24,000 /month",24000.0,Bambalapitiya
room-annex-rentals,Rooms for Ladies - Piliyandala,"Rs 10,000 /month",10000.0,Piliyandala
room-annex-rentals,Rooms for Rent - Kurunegala,"Rs 12,000 /month",12000.0,Kurunegala
room-annex-rentals,Room with Two Beds for Rent in Kaduwela,"Rs 25,000 /month",25000.0,Kaduwela
room-annex-rentals,Room for Rent Battaramulla Boys Only,"Rs 20,000 /month",20000.0,Kotugoda
room-annex-rentals,Room for rent in Malabe boys,"Rs 12,000 /month",12000.0,Malabe
room-annex-rentals,Room for Rent in Wellampitiya,"Rs 12,000 /month",12000.0,Piliyandala
room-annex-rentals,Annex for Rent - Ratmalana,"Rs 35,000 /month",35000.0,Wattala
room-annex-rentals,Room for Rent in Nugegoda,"Rs 30,000 /month",30000.0,Nugegoda
room-annex-rentals,Rooms for rent in Mount lavinia,"Rs 22,000 /month",22000.0,Mount Lavinia
room-annex-rentals,females boarding rooms,"Rs 10,000 /month",10000.0,Badulla
room-annex-rentals,Rooms for Rent in Colombo 5 (Girls Only),"Rs 12,500 /month",12500.0,Colombo
room-annex-rentals,Furnished room for rent,"Rs 12,000 /month",12000.0,Athurugiriya
room-annex-rentals,Rooms for Rent in Colombo 06 Gents,"Rs 30,000 /month",30000.0,Colombo
room-annex-rentals,Annex Rent Rathnapura,"Rs 30,000 /month",30000.0,Maharagama
room-annex-rentals,"Room For Boys Rent in Nugegoda, Wijerama","Rs 8,000 /month",8000.0,Nugegoda
room-annex-rentals,Annex for Rent Angoda,"Rs 27,000 /month",27000.0,Angoda
room-annex-rentals,Mt Laviniya Firnished Annex for Rent ( R - 432),"Rs 95,000 /month",95000.0,Malabe
room-annex-rentals,Boarding House for Rent in Colombo 10,"Rs 70,000 /month",70000.0,Colombo
room-annex-rentals,"Sharing Room Female only Rent Galvihara road, Dehiwala","Rs 15,000 /month",15000.0,Dehiwala
room-annex-rentals,Annex for Rent - Kundasale,"Rs 30,000 /month",30000.0,Athurugiriya
room-annex-rentals,Room for Rent - Malabe,"Rs 12,500 /month",12500.0,Malabe
room-annex-rentals,Annex for Rent Minuwangoda,"Rs 20,000 /month",20000.0,Andiambalama
room-annex-rentals,Room for Rent Girls - Maharagama,"Rs 13,000 /month",13000.0,Maharagama
room-annex-rentals,"Large Room for Rent in Pitipana South, Homagama","Rs 16,000 /month",16000.0,Homagama
room-annex-rentals,Colombo 3 Furnished sharing rooms,"Rs 13,500 /month",13500.0,Colombo
room-annex-rentals,2 Bedrooms Annex for Rent in Panadura,"Rs 40,000 /month",40000.0,Panadura
room-annex-rentals,roof top 1 room studio tipe semi furnished apartment rent in nedimala,"Rs 60,000 /month",60000.0,Kegalle
room-annex-rentals,Room for Rent Girls Battaramulla,"Rs 9,000 /month",9000.0,Negombo
room-annex-rentals,Annex for rent Kegalle Town Center,"Rs 13,000 /month",13000.0,Kegalle
room-annex-rentals,Room for Rent Gampaha,"Rs 12,500 /month",12500.0,Gampaha
room-annex-rentals,Rooms For Rent in Bulugaha Junction Kelaniya,"Rs 25,000 /month",25000.0,Kelaniya
room-annex-rentals,Room for Rent in Rajagiriya - Girls Only,"Rs 10,000 /month",10000.0,Rajagiriya
room-annex-rentals,Room For Rent ( පිරිමි)-Kandy| Katugastota,"Rs 10,000 /month",10000.0,Katugastota
room-annex-rentals,Rooms For Rent In Nugegoda Delkanda,"Rs 20,000 /month",20000.0,Nugegoda
room-annex-rentals,Fully Furnished Room for Long-Term Rental in Wellawatta,"Rs 150,000 /month",150000.0,Wellawatta
room-annex-rentals,Annex For Rent Near Biyagama Zone,"Rs 25,000 /month",25000.0,Biyagama
room-annex-rentals,Rooms for Rent Kelaniya,"Rs 15,000 /month",15000.0,Kelaniya
room-annex-rentals,Annex for Rent in Minuwangoda,"Rs 75,000 /month",75000.0,Negombo
room-annex-rentals,Rooms Rent for Rajagiriya,"Rs 20,000 /month",20000.0,Rajagiriya
room-annex-rentals,Rooms For Rent (Male)-Kandy|Watapuluwa,"Rs 8,500 /month",8500.0,Kandy
room-annex-rentals,කාමරයක් බදු දීමට තිබේ - මාතර,"Rs 7,500 /month",7500.0,Homagama
room-annex-rentals,කැලණිය විශ්ව විද්‍යාලය අසල පිරිමි ළමුන් සඳහා නවාතැන් පහසුකම්,"Rs 4,500 /month",4500.0,Kegalle
room-annex-rentals,Room For Rent At Nugegoda ( Males Only ),"Rs 30,000 /month",30000.0,Nugegoda
room-annex-rentals,Room for Rent - Peradeniya,"Rs 12,000 /month",12000.0,Pannipitiya
room-annex-rentals,Furnished Room for Rent in Ratmalana,"Rs 28,000 /month",28000.0,Kalutara
room-annex-rentals,Rooms for rent,"Rs 18,000 /month",18000.0,Malabe
room-annex-rentals,Rooms for Rent Kurunegala ( only girls ),"Rs 10,000 /month",10000.0,Kurunegala
room-annex-rentals,Boarding Room for 2 Girls Rent Moratuwa,"Rs 15,000 /month",15000.0,Moratuwa
room-annex-rentals,Room Rent for Boy Pannipitiya,"Rs 18,000 /month",18000.0,Pannipitiya
room-annex-rentals,2 Bedroomed Annex for Lease in Mirihana,"Rs 60,000 /month",60000.0,Nawala
room-annex-rentals,"Fully Furnished Beautiful Luxury Room for Rent in Pamunuwa, Maharagama","Rs 35,000 /month",35000.0,Maharagama
room-annex-rentals,Annex for Rent Jaffna,"Rs 180,000 /month",180000.0,Jaffna
room-annex-rentals,Room for Rent Jaffna,"Rs 210,000 /month",210000.0,Jaffna
room-annex-rentals,Room for Rent Kandy,"Rs 15,000 /month",15000.0,Kandy
room-annex-rentals,Room Rent for Gampaha,"Rs 8,500 /month",8500.0,Gampaha
room-annex-rentals,Rooms for Rent in Anuradhapura (Male only),"Rs 10,000 /month",10000.0,Anuradhapura
room-annex-rentals,"Fully furnished room for Long -term rental on, Wellawatte.","Rs 150,000 /month",150000.0,Thalawathugoda
room-annex-rentals,Rooms for Rent in Piliyandala,"Rs 13,500 /month",13500.0,Piliyandala
room-annex-rentals,Boarding Room for Rent in Ekala Ja Ela,"Rs 6,500 /month",6500.0,Ja Ela
room-annex-rentals,Annex for Rent Ja Ela,"Rs 23,000 /month",23000.0,Ja Ela
room-annex-rentals,Rooms for Rent in Rajagiriya (Only Boys),"Rs 15,000 /month",15000.0,Rajagiriya
room-annex-rentals,Room for Rent in Gothatuwa,"Rs 28,000 /month",28000.0,Kohuwala
room-annex-rentals,Room for Rent in Nugegoda,"Rs 35,000 /month",35000.0,Nugegoda
room-annex-rentals,Room for Rent in Kurunegala,"Rs 9,500 /month",9500.0,Kurunegala
room-annex-rentals,Studio Type Room For Rent in Rajagiriya,"Rs 50,000 /month",50000.0,Rajagiriya
room-annex-rentals,Room for Rent Colombo 05,"Rs 8,500 /month",8500.0,Colombo
room-annex-rentals,"Room for Rent in Aththidiya, Dehiwala","Rs 30,000 /month",30000.0,Dehiwala
room-annex-rentals,වාරියපොල අවටින් බෝඩින් කාමර,"Rs 17,000 /month",17000.0,Mahara
room-annex-rentals,Annex For Rent In Sapugaskanda,"Rs 20,000 /month",20000.0,Piliyandala
room-annex-rentals,Boarding Rooms for Gents at Punchi Borella,"Rs 7,000 /month",7000.0,Borella
room-annex-rentals,Modern Large Bed Room with All Facilities (university/working Girl),"Rs 26,000 /month",26000.0,Kandy
room-annex-rentals,Rooms for Rent in Mount Lavinia,"Rs 35,000 /month",35000.0,Mount Lavinia
room-annex-rentals,Room for Rent in Wattala,"Rs 12,500 /month",12500.0,Wattala
room-annex-rentals,Rooms for Rent Angoda,"Rs 7,000 /month",7000.0,Angoda
room-annex-rentals,Room for Rent in Nugegoda,"Rs 13,500 /month",13500.0,Nugegoda
room-annex-rentals,Rooms for Rent Wakwella,"Rs 39,000 /month",39000.0,Katugastota
room-annex-rentals,"Rooms for Rent in Nedimala, Dehiwala","Rs 35,000 /month",35000.0,Dehiwala
room-annex-rentals,Room for Rent in Kaduwela,"Rs 10,000 /month",10000.0,Kaduwela
room-annex-rentals,Annex for Rent in Nugegoda,"Rs 12,000 /month",12000.0,Nugegoda
room-annex-rentals,Upper floor of a House for Rent in Thimbirigasyaya,"Rs 250,000 /month",250000.0,Thimbirigasyaya
room-annex-rentals,Annex for Rent at Ekala Udammita Road,"Rs 25,000 /month",25000.0,Ekala
room-annex-rentals,"Rooms for Girls in Dalugama, Kelaniya","Rs 20,000 /month",20000.0,Kelaniya
room-annex-rentals,Boarding Place (Rooms) in Balagolla,"Rs 12,000 /month",12000.0,Jaffna
room-annex-rentals,2 Single Rooms for Rent Ja Ela Boys or Girls (not Couples),"Rs 17,500 /month",17500.0,Ja Ela
room-annex-rentals,Fully Furnished Luxury Room for Rent in Wellawatta,"Rs 50,000 /month",50000.0,Wellawatta
room-annex-rentals,Annex For Rent in Boralesgamuwa අgබේරත්න මාවත,"Rs 40,000 /month",40000.0,Boralesgamuwa
room-annex-rentals,Room For Rent in Kalubowila ( Only girl ),"Rs 17,500 /month",17500.0,Kalubowila
room-annex-rentals,Annex for Rent Katugastota,"Rs 27,000 /month",27000.0,Katugastota
room-annex-rentals,Annex for rent with furniture - Colombo 5,"Rs 125,000 /month",125000.0,Colombo
room-annex-rentals,Rooms for Rent In Malabe (Male Only),"Rs 25,000 /month",25000.0,Malabe
room-annex-rentals,Two Boarding Rooms in Nawala,"Rs 25,000 /month",25000.0,Nawala
room-annex-rentals,Room for Rent – Andiambalama (Near Airport),"Rs 45,000 /month",45000.0,Andiambalama
room-annex-rentals,Room for Rent in Mahara,"Rs 20,000 /month",20000.0,Mahara
room-annex-rentals,Annex for Rent In Kandy (Mulgampala),"Rs 40,000 /month",40000.0,Kandy
room-annex-rentals,Room for Rent - Mount Lavinia Ladies only,"Rs 20,000 /month",20000.0,Mount Lavinia
room-annex-rentals,Room for Rent (Female) – Kelaniya,"Rs 9,500 /month",9500.0,Kelaniya
room-annex-rentals,Sharing Room for Rent in Maradana (ladies),"Rs 10,000 /month",10000.0,Ratnapura
room-annex-rentals,Sharing Room for Girls Rajagiriya,"Rs 8,000 /month",8000.0,Rajagiriya
room-annex-rentals,Annex for Rent in Nawala,"Rs 40,000 /month",40000.0,Nawala
room-annex-rentals,Furnished Studio Type Room for Rent - Kotte,"Rs 40,000 /month",40000.0,Kotte
room-annex-rentals,Rooms for Rent in Boralesgamuwa,"Rs 16,000 /month",16000.0,Boralesgamuwa
room-annex-rentals,3 Bedroom Annex for rent in Thalawathugoda (Ground Floor),"Rs 100,000 /month",100000.0,Thalawathugoda
