degree_name,Type,Institute,Faculty
Bachelor of Science (Special) in Agricultural,Postgraduate,University of Peradeniya,Faculty of Agriculture
Bachelor of Science in Animals Sciences & Fis,Undergraduate,University of Peradeniya,Faculty of Agriculture
Bachelor of Science in Food Science & Technol,Undergraduate,University of Peradeniya,Faculty of Agriculture
Bachelor of Pharmacy (B.Pharm),Undergraduate,University of Peradeniya,Faculty of Allied Health Sciences
Bachelor of Science in Medical Laboratory Sci,Undergraduate,University of Peradeniya,Faculty of Allied Health Sciences
Bachelor of Science in Nursing,Undergraduate,University of Peradeniya,Faculty of Allied Health Sciences
Bachelor of Science in Physiotherapy,Undergraduate,University of Peradeniya,Faculty of Allied Health Sciences
Bachelor of Science in Radiography / Radiothe,Undergraduate,University of Peradeniya,Faculty of Allied Health Sciences
Bachelor of Arts (General),Undergraduate,University of Colombo,Faculty of Arts
Postgraduate Diploma / Master of Travel and T,Postgraduate,University of Colombo,Faculty of Arts
Bachelor of Arts (Special) in Demography,Undergraduate,University of Colombo,Faculty of Arts
Bachelor of Arts (Special) in Economics,Undergraduate,University of Colombo,Faculty of Arts
Bachelor of Arts (Special) in English,Undergraduate,University of Colombo,Faculty of Arts
Bachelor of Arts (Special) in Geography,Undergraduate,University of Colombo,Faculty of Arts
Bachelor of Arts (Special) in History,Undergraduate,University of Colombo,Faculty of Arts
Bachelor of Arts (Special) in International R,Undergraduate,University of Colombo,Faculty of Arts
Bachelor of Arts (Special) in Political Scien,Undergraduate,University of Colombo,Faculty of Arts
Bachelor of Arts (Special) in Sinhala,Undergraduate,University of Colombo,Faculty of Arts
Bachelor of Arts (Special) in Sociology,Undergraduate,University of Colombo,Faculty of Arts
Bachelor of Education (Special),Postgraduate,University of Colombo,Faculty of Education
Master of Arts Regional Development and Plann,Postgraduate,University of Colombo,Faculty of Graduate Studies
Postgraduate Diploma in Public Management,Postgraduate,University of Colombo,Faculty of Graduate Studies
Master of Public Management,Postgraduate,University of Colombo,Faculty of Graduate Studies
Postgraduate Diploma in Public Administration,Postgraduate,University of Colombo,Faculty of Graduate Studies
Bachelor of Laws,Undergraduate,University of Colombo,Faculty of Law
Bachelor of Business Administration (Special),Undergraduate,University of Colombo,Faculty of Management and Finance
Bachelor of Business Administration (Speci,Undergraduate,University of Colombo,Faculty of Management and Finance
Bachelor of Business Administration (Special),Undergraduate,University of Colombo,Faculty of Management and Finance
Bachelor of Business Administration (Special),Undergraduate,University of Colombo,Faculty of Management and Finance
Bachelor of Business Administration (Special),Undergraduate,University of Colombo,Faculty of Management and Finance
Bachelor of Business Administration (Special),Undergraduate,University of Colombo,Faculty of Management and Finance
Bachelor of Science (General),Undergraduate,University of Colombo,Faculty of Science
Bachelor of Science (Special) in Bioinfomatics,Undergraduate,University of Colombo,Faculty of Science
Bachelor of Science (Special) in Chemical Biology,Undergraduate,University of Colombo,Faculty of Science
Bachelor of Science (Special) in Chemistry,Undergraduate,University of Colombo,Faculty of Science
Bachelor of Science (Special) in Computational Chemistry,Undergraduate,University of Colombo,Faculty of Science
Bachelor of Science (Special) in Computational Physics,Undergraduate,University of Colombo,Faculty of Science
Bachelor of Science (Special) in Engineering Physics,Undergraduate,University of Colombo,Faculty of Science
Bachelor of Science (Special) in Environment Sciences,Undergraduate,University of Colombo,Faculty of Science
"Bachelor of Science (Special) in Finance, Business and Computational Mathematics",Undergraduate,University of Colombo,Faculty of Science
Bachelor of Science (Special) in Financial and Business Mathematics,Undergraduate,University of Colombo,Faculty of Science
Bachelor of Science (General) in Industrial Statistics & Mathematical Finance,Undergraduate,University of Colombo,Faculty of Science
Bachelor of Science (Special) in Mathematics,Undergraduate,University of Colombo,Faculty of Science
Bachelor of Science (Special) in Mathematics and Statistics with Compuer Science,Undergraduate,University of Colombo,Faculty of Science
Bachelor of Science (Special) in Molecular Biology & Biochemistry,Undergraduate,University of Colombo,Faculty of Science
Bachelor of Science (Special) in Nuclear Medical Science,Undergraduate,University of Colombo,Faculty of Science
Bachelor of Science (Special) in Pharmacy,Undergraduate,University of Colombo,Faculty of Science
Bachelor of Science (Special) in Physics,Undergraduate,University of Colombo,Faculty of Science
Bachelor of Science (Special) in Plant Biotechnology,Undergraduate,University of Colombo,Faculty of Science
Bachelor of Science (Special) in Plant Science,Undergraduate,University of Colombo,Faculty of Science
Bachelor of Science (Special) in Statistics,Undergraduate,University of Colombo,Faculty of Science
Bachelor of Science (Special) in Statistics with Computer Science,Undergraduate,University of Colombo,Faculty of Science
Bachelor of Science (Special) in Zoology,Undergraduate,University of Colombo,Faculty of Science
Bachelor of Arts (General),Undergraduate,University of Peradeniya,Faculty of Arts
Bachelor of Arts (Special) in Arabic,Undergraduate,University of Peradeniya,Faculty of Arts
Bachelor of Arts (Special) in Archaeology,Undergraduate,University of Peradeniya,Faculty of Arts
Bachelor of Arts (Special) in Buddhist Studies,Undergraduate,University of Peradeniya,Faculty of Arts
Bachelor of Arts (Special) in Economics,Undergraduate,University of Peradeniya,Faculty of Arts
Bachelor of Arts (Special) in English,Undergraduate,University of Peradeniya,Faculty of Arts
Bachelor of Arts (Special) in Fine Arts,Undergraduate,University of Peradeniya,Faculty of Arts
Bachelor of Arts (Special) in Geography,Undergraduate,University of Peradeniya,Faculty of Arts
Bachelor of Arts (Special) in History,Undergraduate,University of Peradeniya,Faculty of Arts
Bachelor of Arts (Special) in Islamic Civilization,Undergraduate,University of Peradeniya,Faculty of Arts
Bachelor of Arts (Special) in Pali,Undergraduate,University of Peradeniya,Faculty of Arts
Bachelor of Arts (Special) in Philosophy,Undergraduate,University of Peradeniya,Faculty of Arts
Bachelor of Arts (Special) in Political Science,Undergraduate,University of Peradeniya,Faculty of Arts
Bachelor of Arts (Special) in Psychology,Undergraduate,University of Peradeniya,Faculty of Arts
Bachelor of Arts (Special) in Sanskrit,Undergraduate,University of Peradeniya,Faculty of Arts
Bachelor of Arts (Special) in Sinhala,Undergraduate,University of Peradeniya,Faculty of Arts
Bachelor of Arts (Special) in Sociology,Undergraduate,University of Peradeniya,Faculty of Arts
Bachelor of Arts (Special) in Tamil,Undergraduate,University of Peradeniya,Faculty of Arts
Bachelor of Arts (Special) in Western Classic Culture,Undergraduate,University of Peradeniya,Faculty of Arts
Bachelor of Business Administration (Special) in Financial Management,Undergraduate,University of Peradeniya,Faculty of Arts
Bachelor of Business Administration (Special) in Human Resource Management,Undergraduate,University of Peradeniya,Faculty of Arts
Bachelor of Business Administration (Special) in Marketing Management,Undergraduate,University of Peradeniya,Faculty of Arts
Bachelor of Business Administration (Special) in Operations Management,Undergraduate,University of Peradeniya,Faculty of Arts
Bachelor of Commerce,Undergraduate,University of Peradeniya,Faculty of Arts
Bachelor of Law,Undergraduate,University of Peradeniya,Faculty of Arts
Master of Arts in Applied Economics,Postgraduate,University of Peradeniya,Faculty of Arts
Master of Development Practice,Postgraduate,University of Peradeniya,Faculty of Arts
Bachelor of Dental Surgery,Undergraduate,University of Peradeniya,Faculty of Dental Sciences
Bachelor of Science (Special) in Chemical & Process Engineering,Undergraduate,University of Peradeniya,Faculty of Engineering
Bachelor of Science (Special) in Civil Engineering,Undergraduate,University of Peradeniya,Faculty of Engineering
Bachelor of Science (Special) in Computer Engineering,Undergraduate,University of Peradeniya,Faculty of Engineering
Bachelor of Science (Special) in Electrical & Electronic Engineering,Undergraduate,University of Peradeniya,Faculty of Engineering
Bachelor of Science (Special) in Engineering,Undergraduate,University of Peradeniya,Faculty of Engineering
Bachelor of Science (Special) in Mechanical Engineering,Undergraduate,University of Peradeniya,Faculty of Engineering
Bachelor of Science (Special) in Production Engineering,Undergraduate,University of Peradeniya,Faculty of Engineering
MBBS,Undergraduate,University of Peradeniya,Faculty of Medicine
Master of Science in Excercise and Sport Sciences,Postgraduate,University of Peradeniya,Faculty of Medicine
Bachelor of Science (General),Undergraduate,University of Peradeniya,Faculty of Science
Bachelor of Science (Special) in Animal Science & Fisheries,Undergraduate,University of Peradeniya,Faculty of Science
Bachelor of Science (Special) in Biology,Undergraduate,University of Peradeniya,Faculty of Science
Bachelor of Science (Special) in Botany,Undergraduate,University of Peradeniya,Faculty of Science
Bachelor of Science (Special) in Chemistry,Undergraduate,University of Peradeniya,Faculty of Science
Bachelor of Science in Computation & Management,Undergraduate,University of Peradeniya,Faculty of Science
Bachelor of Science (Special) in Computer Science,Undergraduate,University of Peradeniya,Faculty of Science
Bachelor of Science (Special) in Geology,Undergraduate,University of Peradeniya,Faculty of Science
Bachelor of Science (Special) in Mathematics,Undergraduate,University of Peradeniya,Faculty of Science
Bachelor of Science (Special) in Molecular Biology & Biotechnology,Undergraduate,University of Peradeniya,Faculty of Science
Bachelor of Science (Special) in Physics,Undergraduate,University of Peradeniya,Faculty of Science
Bachelor of Science (Special) in Statistics,Undergraduate,University of Peradeniya,Faculty of Science
Bachelor of Science in Statistics & Operations Research,Undergraduate,University of Peradeniya,Faculty of Science
Bachelor of Science (Special) in Zoology,Undergraduate,University of Peradeniya,Faculty of Science
Bachelor of Science (Applied Sciences),Undergraduate,University of Peradeniya,Faculty of Science
Bachelor of Veterinary Science,Undergraduate,University of Peradeniya,Faculty of Veterinary Medicine & Animal Science
Bachelor of Applied Science in Food Technology,Undergraduate,University of Sri Jayewardenepura,Faculty of Applied Sciences
Bachelor of Science (General),Undergraduate,University of Sri Jayewardenepura,Faculty of Applied Sciences
Bachelor of Science (Special),Undergraduate,University of Sri Jayewardenepura,Faculty of Applied Sciences
Bachelor of Science (Special) in Botany,Undergraduate,University of Sri Jayewardenepura,Faculty of Applied Sciences
Bachelor of Science (Special) in Chemistry,Undergraduate,University of Sri Jayewardenepura,Faculty of Applied Sciences
Bachelor of Science (Special) in Computer Science,Undergraduate,University of Sri Jayewardenepura,Faculty of Applied Sciences
Bachelor of Science (Special) in Forestry & Environmental Science,Undergraduate,University of Sri Jayewardenepura,Faculty of Applied Sciences
Bachelor of Science (Special) in Mathematics,Undergraduate,University of Sri Jayewardenepura,Faculty of Applied Sciences
Bachelor of Science (Special) in Physics,Undergraduate,University of Sri Jayewardenepura,Faculty of Applied Sciences
Bachelor of Science (Special) in Plant Biotechnology,Undergraduate,University of Sri Jayewardenepura,Faculty of Applied Sciences
Bachelor of Science (Special) in Statistics,Undergraduate,University of Sri Jayewardenepura,Faculty of Applied Sciences
Bachelor of Science (Special) in Zoology,Undergraduate,University of Sri Jayewardenepura,Faculty of Applied Sciences
Bachelor of Arts (General),Undergraduate,University of Sri Jayewardenepura,Faculty of Arts
Bachelor of Arts (Special) in Anthropology,Undergraduate,University of Sri Jayewardenepura,Faculty of Arts
Bachelor of Arts (Special) in Archaeology,Undergraduate,University of Sri Jayewardenepura,Faculty of Arts
Bachelor of Arts (Special) in Buddhist Civilization,Undergraduate,University of Sri Jayewardenepura,Faculty of Arts
Bachelor of Arts (Special) in Buddhist Philosophy,Undergraduate,University of Sri Jayewardenepura,Faculty of Arts
Bachelor of Arts (Special) in Criminology,Undergraduate,University of Sri Jayewardenepura,Faculty of Arts
Bachelor of Arts (Special) in Cultural and Aesthetic Studies,Undergraduate,University of Sri Jayewardenepura,Faculty of Arts
Bachelor of Arts (Special) in Economics,Undergraduate,University of Sri Jayewardenepura,Faculty of Arts
Bachelor of Arts (Special) in English,Undergraduate,University of Sri Jayewardenepura,Faculty of Arts
Bachelor of Arts (Special) in French,Undergraduate,University of Sri Jayewardenepura,Faculty of Arts
Bachelor of Arts (Special) in Geography,Undergraduate,University of Sri Jayewardenepura,Faculty of Arts
Bachelor of Arts (Special) in Hindi,Undergraduate,University of Sri Jayewardenepura,Faculty of Arts
Bachelor of Arts (Special) in History,Undergraduate,University of Sri Jayewardenepura,Faculty of Arts
Bachelor of Arts (Special) in Management Information Technology,Undergraduate,University of Sri Jayewardenepura,Faculty of Arts
Bachelor of Arts (Special) in Mass Communication,Undergraduate,University of Sri Jayewardenepura,Faculty of Arts
Bachelor of Arts (Special) in Pali,Undergraduate,University of Sri Jayewardenepura,Faculty of Arts
Bachelor of Arts (Special) in Philosophy and Psychology,Undergraduate,University of Sri Jayewardenepura,Faculty of Arts
Bachelor of Arts (Special) in Political Science,Undergraduate,University of Sri Jayewardenepura,Faculty of Arts
Bachelor of Arts (Special) in Sanskrit,Undergraduate,University of Sri Jayewardenepura,Faculty of Arts
Bachelor of Arts (Special) in Sinhala,Undergraduate,University of Sri Jayewardenepura,Faculty of Arts
Bachelor of Arts (Special) in Social Statistics,Undergraduate,University of Sri Jayewardenepura,Faculty of Arts
Bachelor of Arts (Special) in Sociology,Undergraduate,University of Sri Jayewardenepura,Faculty of Arts
Bachelor of Commerce (Special),Undergraduate,University of Sri Jayewardenepura,Faculty of Management Studies and Commerce
Bachelor of Science (Special) in Accounting,Undergraduate,University of Sri Jayewardenepura,Faculty of Management Studies and Commerce
Bachelor of Science (Special) in Business Administration,Undergraduate,University of Sri Jayewardenepura,Faculty of Management Studies and Commerce
Bachelor of Science (Special) in Business Administration (Business Economics),Undergraduate,University of Sri Jayewardenepura,Faculty of Management Studies and Commerce
Bachelor of Science in Business Administration (HRM) (Special),Undergraduate,University of Sri Jayewardenepura,Faculty of Management Studies and Commerce
Bachelor of Science (Special) in Business Information Systems,Undergraduate,University of Sri Jayewardenepura,Faculty of Management Studies and Commerce
Bachelor of Science (Special) in Estate Management and Valuation,Undergraduate,University of Sri Jayewardenepura,Faculty of Management Studies and Commerce
Bachelor of Science (Special) in Finance,Undergraduate,University of Sri Jayewardenepura,Faculty of Management Studies and Commerce
Bachelor of Science (Special) in Marketing Management,Undergraduate,University of Sri Jayewardenepura,Faculty of Management Studies and Commerce
Bachelor of Science (Special) in Operations and Technology Management,Undergraduate,University of Sri Jayewardenepura,Faculty of Management Studies and Commerce
Bachelor of Science (Special) in Public Management,Undergraduate,University of Sri Jayewardenepura,Faculty of Management Studies and Commerce
Bachelor of Pharmacy,Undergraduate,University of Sri Jayewardenepura,Faculty of Medical Sciences
Bachelor of Science in Medical Laboratory Sciences,Undergraduate,University of Sri Jayewardenepura,Faculty of Medical Sciences
Bachelor of Science in Nursing,Undergraduate,University of Sri Jayewardenepura,Faculty of Medical Sciences
MBBS,Undergraduate,University of Sri Jayewardenepura,Faculty of Medical Sciences
Doctor of Philosophy in Management,Postgraduate,University of Sri Jayewardenepura,Faculty of Graduate Studies
Bachelor of Business Management (Accountancy) Special Degree Programme,Undergraduate,University of Kelaniya,Faculty of Commerce and Management Studies
Bachelor of Business Management (Finance) Special Degree Programme,Undergraduate,University of Kelaniya,Faculty of Commerce and Management Studies
Bachelor of Business Management (Human Resource) Special Degree Programme,Undergraduate,University of Kelaniya,Faculty of Commerce and Management Studies
Bachelor of Business Management (Marketing) Special Degree Programme,Undergraduate,University of Kelaniya,Faculty of Commerce and Management Studies
Bachelor of Commerce (Special) Degree Programme,Undergraduate,University of Kelaniya,Faculty of Commerce and Management Studies
Bachelor of Commerce Special Degree in Business Technology,Undergraduate,University of Kelaniya,Faculty of Commerce and Management Studies
Bachelor of Commerce Special Degree in Entrepreneurship,Undergraduate,University of Kelaniya,Faculty of Commerce and Management Studies
Bachelor of Arts (General),Undergraduate,University of Kelaniya,Faculty of Humanities
Bachelor of Arts (Special),Undergraduate,University of Kelaniya,Faculty of Humanities
Master of Arts in Literary Criticism,Postgraduate,University of Kelaniya,Faculty of Humanities
Bachelor of Science in Speech & Hearing Sciences,Undergraduate,University of Kelaniya,Faculty of Medicine
MBBS,Undergraduate,University of Kelaniya,Faculty of Medicine
Master of Public Health in Epidemiology,Postgraduate,University of Kelaniya,Faculty of Medicine
Bachelor of Science (General),Undergraduate,University of Kelaniya,Faculty of Science
Bachelor of Science (Special) in Botany,Undergraduate,University of Kelaniya,Faculty of Science
Bachelor of Science (Special) in Chemistry,Undergraduate,University of Kelaniya,Faculty of Science
Bachelor of Science (Special) in Computer Science,Undergraduate,University of Kelaniya,Faculty of Science
Bachelor of Science (General) in Environmental Conservation & Management,Undergraduate,University of Kelaniya,Faculty of Science
Bachelor of Science (Special) in Environmental Conservation & Management,Undergraduate,University of Kelaniya,Faculty of Science
Bachelor of Science (General) in Management & Information Technology,Undergraduate,University of Kelaniya,Faculty of Science
Bachelor of Science (Special) in Management & Information Technology,Undergraduate,University of Kelaniya,Faculty of Science
Bachelor of Science (Special) in Mathematical Physics,Undergraduate,University of Kelaniya,Faculty of Science
Bachelor of Science (Special) in Mathematics,Undergraduate,University of Kelaniya,Faculty of Science
Bachelor of Science (Special) in Microbiology,Undergraduate,University of Kelaniya,Faculty of Science
Bachelor of Science (Special) in Molecular Biology and Plant Biotechnology,Undergraduate,University of Kelaniya,Faculty of Science
Bachelor of Science (Special) in Physics,Undergraduate,University of Kelaniya,Faculty of Science
Bachelor of Science (Special) in Statistics,Undergraduate,University of Kelaniya,Faculty of Science
Bachelor of Science (Special) in Zoology,Undergraduate,University of Kelaniya,Faculty of Science
Bachelor of Arts in Peace & Conflict Resolution,Undergraduate,University of Kelaniya,Faculty of Social Sciences
Honours Degree of Bachelor of Design (Fashion Design & Product Development),Undergraduate,University of Moratuwa,Faculty of Engineering
Honours Degree of Bachelor of Science in Transport & Logistics Management,Undergraduate,University of Moratuwa,Faculty of Engineering
Honours Degree of Bachelor of Science of Engineering - Specialisation: Chemical & Process Engineering,Undergraduate,University of Moratuwa,Faculty of Engineering
Honours Degree of Bachelor of Science of Engineering - Specialisation: Civil Engineering,Undergraduate,University of Moratuwa,Faculty of Engineering
Honours Degree of Bachelor of Science of Engineering - Specialisation: Computer Science & Engineering,Undergraduate,University of Moratuwa,Faculty of Engineering
Honours Degree of Bachelor of Science of Engineering - Specialisation: Earth Resources Engineering,Undergraduate,University of Moratuwa,Faculty of Engineering
Honours Degree of Bachelor of Science of Engineering - Specialisation: Electrical Engineering,Undergraduate,University of Moratuwa,Faculty of Engineering
Honours Degree of Bachelor of Science of Engineering - Specialisation: Electronic & Telecommunication Engineering,Undergraduate,University of Moratuwa,Faculty of Engineering
Honours Degree of Bachelor of Science of Engineering - Specialisation: Material Science & Engineering,Undergraduate,University of Moratuwa,Faculty of Engineering
Honours Degree of Bachelor of Science of Engineering - Specialisation: Mechanical Engineering,Undergraduate,University of Moratuwa,Faculty of Engineering
Honours Degree of Bachelor of Science of Engineering - Specialisation: Textile & Clothing Engineering,Undergraduate,University of Moratuwa,Faculty of Engineering
Master of Science,Postgraduate,University of Moratuwa,Faculty of Engineering
Postgraduate Diploma in Material Science,Postgraduate,University of Moratuwa,Faculty of Engineering
Master of Science / Postgraduate Diploma in Business Statistics,Postgraduate,University of Moratuwa,Faculty of Engineering
Master of Science in Gemmology/Postgraduate Diploma in Gemmology/Master of Gemmology,Postgraduate,University of Moratuwa,Faculty of Engineering
Honours Degree of Bachelor of Architecture,Undergraduate,University of Moratuwa,Faculty of Architecture
Honours Degree of Bachelor of Design,Undergraduate,University of Moratuwa,Faculty of Architecture
Honours Degree of Bachelor of Science in Facilities Management,Undergraduate,University of Moratuwa,Faculty of Architecture
Honours Degree of Bachelor of Science in Quantity Surveying,Undergraduate,University of Moratuwa,Faculty of Architecture
Honours Degree of Bachelor of Science in Town & Country Planning,Undergraduate,University of Moratuwa,Faculty of Architecture
Master of Urban Design,Postgraduate,University of Moratuwa,Faculty of Architecture
Master of Science / Postgraduate Diploma in Building Economics & Quantity Surveying,Postgraduate,University of Moratuwa,Faculty of Architecture
Master of Science in Construction Law and Dispute Resolution,Postgraduate,University of Moratuwa,Faculty of Architecture
Degree of Bachelor of Science in Information Technology,Undergraduate,University of Moratuwa,Faculty of Information Technology
Honours Degree of Bachelor of Science in Information Technology,Undergraduate,University of Moratuwa,Faculty of Information Technology
Honours Degree of Bachelor of Science in Information Technology & Management,Undergraduate,University of Moratuwa,Faculty of Information Technology
Bachelor of Science (Agriculture),Undergraduate,University of Jaffna,Faculty of Agriculture
Bachelor of Arts (General),Undergraduate,University of Jaffna,Faculty of Arts
Bachelor of Arts (Special),Undergraduate,University of Jaffna,Faculty of Arts
Bachelor of Fine Arts (Art & Design),Undergraduate,University of Jaffna,Faculty of Arts
Bachelor of Fine Arts (Dance),Undergraduate,University of Jaffna,Faculty of Arts
Bachelor of Fine Arts (Music),Undergraduate,University of Jaffna,Faculty of Arts
Bachelor of Law,Undergraduate,University of Jaffna,Faculty of Arts
Bachelor of Medicine and Bachelor of Surgery,Undergraduate,University of Jaffna,Faculty of Medicine
Bachelor of Pharmacy in Pharmacy,Undergraduate,University of Jaffna,Faculty of Medicine
Bachelor of Science in Medical Laboratory Sciences,Undergraduate,University of Jaffna,Faculty of Medicine
Bachelor of Science in Nursing,Undergraduate,University of Jaffna,Faculty of Medicine
Bachelor of Science,Undergraduate,University of Jaffna,Faculty of Science
Bachelor of Business Administration (Accounting Special) (Special),Undergraduate,University of Jaffna,Faculty of Management Studies and Commerce
Bachelor of Business Administration (Financial Management Special) (Special),Undergraduate,University of Jaffna,Faculty of Management Studies and Commerce
Bachelor of Business Administration (Human Resource Management Special) (Special),Undergraduate,University of Jaffna,Faculty of Management Studies and Commerce
Bachelor of Business Administration (Marketing Special) (Special),Undergraduate,University of Jaffna,Faculty of Management Studies and Commerce
Bachelor of Business Management (Online),Undergraduate,University of Jaffna,Faculty of Management Studies and Commerce
Bachelor of Commerce,Undergraduate,University of Jaffna,Faculty of Management Studies and Commerce
Master of Arts in Cultural Studies,Postgraduate,University of Jaffna,Faculty of Graduate Studies
Master of Arts in Tamil,Postgraduate,University of Jaffna,Faculty of Graduate Studies
Master of Saiva Siddhanta,Postgraduate,University of Jaffna,Faculty of Graduate Studies
Master of Education,Postgraduate,University of Jaffna,Faculty of Graduate Studies
Postgraduate Diploma in Library and Information Science,Postgraduate,University of Jaffna,Faculty of Graduate Studies
Postgraduate Diploma in Education,Postgraduate,University of Jaffna,Faculty of Graduate Studies
Master of Science in Environmental Management,Postgraduate,University of Jaffna,Faculty of Graduate Studies
Master of Science in Health Management,Postgraduate,University of Jaffna,Faculty of Graduate Studies
Bachelor of Science in Agriculture,Undergraduate,University of Ruhuna,Faculty of Agriculture
Master of Science in Animal Science,Postgraduate,University of Ruhuna,Faculty of Agriculture
Master of Science in Green Technology,Postgraduate,University of Ruhuna,Faculty of Agriculture
Bachelor of Science of Engineering specializing in Civil & Environmental Engineering,Undergraduate,University of Ruhuna,Faculty of Engineering
Bachelor of Science of Engineering specializing in Electrical & Information Engineering,Undergraduate,University of Ruhuna,Faculty of Engineering
Bachelor of Science of Engineering specializing in Mechanical & Manufacturing Engineering,Undergraduate,University of Ruhuna,Faculty of Engineering
Master of Science,Postgraduate,University of Ruhuna,Faculty of Engineering
Master of Engineering in Civil Engineering,Postgraduate,University of Ruhuna,Faculty of Engineering
Bachelor of Science (Fisheries and Marine Sciences) Special Degree in Aquaculture,Undergraduate,University of Ruhuna,Faculty of Fisheries and Marine Sciences & Technology
Bachelor of Science (Fisheries and Marine Sciences) Special Degree in Fisheries,Undergraduate,University of Ruhuna,Faculty of Fisheries and Marine Sciences & Technology
Bachelor of Science (Fisheries and Marine Sciences) Special Degree in Limnology,Undergraduate,University of Ruhuna,Faculty of Fisheries and Marine Sciences & Technology
Bachelor of Science (Fisheries and Marine Sciences) Special Degree in Oceanography & Marine Geology,Undergraduate,University of Ruhuna,Faculty of Fisheries and Marine Sciences & Technology
Bachelor of Arts (General),Undergraduate,University of Ruhuna,Faculty of Humanities and Social Sciences
Bachelor of Arts (Special),Undergraduate,University of Ruhuna,Faculty of Humanities and Social Sciences
Bachelor of Arts (Special) in Economics,Undergraduate,University of Ruhuna,Faculty of Humanities and Social Sciences
Bachelor of Arts (Special) in Geography,Undergraduate,University of Ruhuna,Faculty of Humanities and Social Sciences
Bachelor of Arts (Special) in History,Undergraduate,University of Ruhuna,Faculty of Humanities and Social Sciences
Bachelor of Arts (Special) in Pali & Buddhist,Undergraduate,University of Ruhuna,Faculty of Humanities and Social Sciences
Bachelor of Arts (Special) in Sociology,Undergraduate,University of Ruhuna,Faculty of Humanities and Social Sciences
Master of Arts in Economics,Postgraduate,University of Ruhuna,Faculty of Humanities and Social Sciences
Bachelor of Business Administration (Special) in Accounting & Finance,Undergraduate,University of Ruhuna,Faculty of Management & Finance
Bachelor of Business Administration (Special) in Entrepreneurship,Undergraduate,University of Ruhuna,Faculty of Management & Finance
Bachelor of Business Administration (Special) in Human Resource Management,Undergraduate,University of Ruhuna,Faculty of Management & Finance
Bachelor of Business Administration (Special) in Marketing Management,Undergraduate,University of Ruhuna,Faculty of Management & Finance
Bachelor of Science in Medical Laboratory Sciences,Undergraduate,University of Ruhuna,Faculty of Medicine
Bachelor of Science in Nursing,Undergraduate,University of Ruhuna,Faculty of Medicine
MBBS,Undergraduate,University of Ruhuna,Faculty of Medicine
Bachelor of Science (General),Undergraduate,University of Ruhuna,Faculty of Science
Bachelor of Science (Special) in Botany,Undergraduate,University of Ruhuna,Faculty of Science
Bachelor of Science (Special) in Chemisitry,Undergraduate,University of Ruhuna,Faculty of Science
Bachelor of Science (Special) in Mathematics,Undergraduate,University of Ruhuna,Faculty of Science
Bachelor of Science (Special) in Physics,Undergraduate,University of Ruhuna,Faculty of Science
Bachelor of Science (Special) in Zoology,Undergraduate,University of Ruhuna,Faculty of Science
Bachelor of Education in (Natural Sciences),Undergraduate,The Open University of Sri Lanka,Faculty of Education
Bachelor of Industrial Studies (BIS),Undergraduate,The Open University of Sri Lanka,Faculty of Engineering Technology
Bachelor of Software Engineering,Undergraduate,The Open University of Sri Lanka,Faculty of Engineering Technology
Bachelor of Technology (Engineering) (BTech.Eng.),Undergraduate,The Open University of Sri Lanka,Faculty of Engineering Technology
BA in English Language Teaching (BA/ELT),Undergraduate,The Open University of Sri Lanka,Faculty of Humanities & Social Sciences
Bachelor of Arts in Social Sciences (BA),Undergraduate,The Open University of Sri Lanka,Faculty of Humanities & Social Sciences
Bachelor of Laws (LL.B),Undergraduate,The Open University of Sri Lanka,Faculty of Humanities & Social Sciences
Bachelor of Management Studies (BMS),Undergraduate,The Open University of Sri Lanka,Faculty of Humanities & Social Sciences
Master of Business Administration in Human Resource Management,Postgraduate,The Open University of Sri Lanka,Faculty of Humanities & Social Sciences
Bachelor of Science,Undergraduate,The Open University of Sri Lanka,Faculty of Natural Sciences
Bachelor of Science in Nursing,Undergraduate,The Open University of Sri Lanka,Faculty of Natural Sciences
Degree of Bachelor of the Science of Agriculture,Undergraduate,"Eastern University, Sri Lanka",Faculty of Agriculture
Degree of Bachelor of Arts (General),Undergraduate,"Eastern University, Sri Lanka",Faculty of Arts and Culture
Degree of Bachelor of Arts Special in Drama & Theatre,Undergraduate,"Eastern University, Sri Lanka",Faculty of Arts and Culture
Degree of Bachelor of Arts Special in Economics,Undergraduate,"Eastern University, Sri Lanka",Faculty of Arts and Culture
Degree of Bachelor of Arts Special in Education,Undergraduate,"Eastern University, Sri Lanka",Faculty of Arts and Culture
Degree of Bachelor of Arts Special in Fine Arts,Undergraduate,"Eastern University, Sri Lanka",Faculty of Arts and Culture
Degree of Bachelor of Arts Special in Geography,Undergraduate,"Eastern University, Sri Lanka",Faculty of Arts and Culture
Degree of Bachelor of Arts Special in Hundu Culture,Undergraduate,"Eastern University, Sri Lanka",Faculty of Arts and Culture
Degree of Bachelor of Arts Special in Philosophy,Undergraduate,"Eastern University, Sri Lanka",Faculty of Arts and Culture
Degree of Bachelor of Arts Special in Political Science,Undergraduate,"Eastern University, Sri Lanka",Faculty of Arts and Culture
Degree of Bachelor of Arts Special in Sociology,Undergraduate,"Eastern University, Sri Lanka",Faculty of Arts and Culture
Degree of Bachelor of Arts Special in Tamil,Undergraduate,"Eastern University, Sri Lanka",Faculty of Arts and Culture
Degree of Bachelor of Business Administration Specialization in Human Resource Management,Undergraduate,"Eastern University, Sri Lanka",Faculty of Commerce and Management
Degree of Bachelor of Business Administration Specialization in Marketing Management,Undergraduate,"Eastern University, Sri Lanka",Faculty of Commerce and Management
Degree of Bachelor of Commerce Specialization in Accounting & Finance,Undergraduate,"Eastern University, Sri Lanka",Faculty of Commerce and Management
Degree of Bachelor of Commerce Specialization in Enterprise Development,Undergraduate,"Eastern University, Sri Lanka",Faculty of Commerce and Management
Degree of Bachelor of Science (General),Undergraduate,"Eastern University, Sri Lanka",Faculty of Science
Degree of Bachelor of Science Special in Botany,Undergraduate,"Eastern University, Sri Lanka",Faculty of Science
Degree of Bachelor of Science Special in Chemistry,Undergraduate,"Eastern University, Sri Lanka",Faculty of Science
Degree of Bachelor of Science Special in Computer Science & Mathematics,Undergraduate,"Eastern University, Sri Lanka",Faculty of Science
Degree of Bachelor of Science Special in Phsyics,Undergraduate,"Eastern University, Sri Lanka",Faculty of Science
Degree of Bachelor of Science Special in Zoology,Undergraduate,"Eastern University, Sri Lanka",Faculty of Science
Master of Science in Education,Postgraduate,"Eastern University, Sri Lanka",Faculty of Science
Bachelor of Science in Nursing,Undergraduate,"Eastern University, Sri Lanka",Faculty of Health-Care Sciences
MBBS,Undergraduate,"Eastern University, Sri Lanka",Faculty of Health-Care Sciences
Bachelor of Science (General),Undergraduate,South Eastern University of Sri Lanka,Faculty of Applied Sciences
Bachelor of Science (Special) in Computer Science,Undergraduate,South Eastern University of Sri Lanka,Faculty of Applied Sciences
Bachelor of Business Administration (BBA Special),Undergraduate,South Eastern University of Sri Lanka,Faculty of Management & Commerce
Bachelor of Commerce (B.Com Special),Undergraduate,South Eastern University of Sri Lanka,Faculty of Management & Commerce
Bachelor of Science (Management Information Technology),Undergraduate,South Eastern University of Sri Lanka,Faculty of Management & Commerce
BBA / B.Com (Accounting Special),Undergraduate,South Eastern University of Sri Lanka,Faculty of Management & Commerce
BBA / B.Com (Finance Special),Undergraduate,South Eastern University of Sri Lanka,Faculty of Management & Commerce
BBA / B.Com (Human Resource Management Special),Undergraduate,South Eastern University of Sri Lanka,Faculty of Management & Commerce
BBA / B.Com (Information System Special),Undergraduate,South Eastern University of Sri Lanka,Faculty of Management & Commerce
BBA / B.Com (Marketing Special),Undergraduate,South Eastern University of Sri Lanka,Faculty of Management & Commerce
Master of Business Administration,Postgraduate,South Eastern University of Sri Lanka,Faculty of Management & Commerce
Postgraduate Diploma in Management,Postgraduate,South Eastern University of Sri Lanka,Faculty of Management & Commerce
Bachelor of Arts (General),Undergraduate,South Eastern University of Sri Lanka,Faculty of Arts and Culture
Bachelor of Arts (Special),Undergraduate,South Eastern University of Sri Lanka,Faculty of Arts and Culture
Bachelor of Arts (Special) in Economics,Undergraduate,South Eastern University of Sri Lanka,Faculty of Arts and Culture
Bachelor of Arts (Special) in Geography,Undergraduate,South Eastern University of Sri Lanka,Faculty of Arts and Culture
Bachelor of Arts (Special) in Hindu Civilization,Undergraduate,South Eastern University of Sri Lanka,Faculty of Arts and Culture
Bachelor of Arts (Special) in Philosophy,Undergraduate,South Eastern University of Sri Lanka,Faculty of Arts and Culture
Bachelor of Arts (Special) in Political Science,Undergraduate,South Eastern University of Sri Lanka,Faculty of Arts and Culture
Bachelor of Arts (Special) in Sociology,Undergraduate,South Eastern University of Sri Lanka,Faculty of Arts and Culture
Bachelor of Arts (Special) in Tamil,Undergraduate,South Eastern University of Sri Lanka,Faculty of Arts and Culture
Bachelor of Arts (Special) in Arabic Foreign Language & Translation,Undergraduate,South Eastern University of Sri Lanka,Faculty of Islamic Studies & Arabic Language
Bachelor of Arts (General) in Arabic Language,Undergraduate,South Eastern University of Sri Lanka,Faculty of Islamic Studies & Arabic Language
Bachelor of Arts (Special) in Arabic Language,Undergraduate,South Eastern University of Sri Lanka,Faculty of Islamic Studies & Arabic Language
Bachelor of Arts (Special) in Arabic Linguistic & Translation,Undergraduate,South Eastern University of Sri Lanka,Faculty of Islamic Studies & Arabic Language
Bachelor of Arts (Special) in Arabic Literature,Undergraduate,South Eastern University of Sri Lanka,Faculty of Islamic Studies & Arabic Language
Bachelor of Arts (Special) in Islamic Banking & Finance,Undergraduate,South Eastern University of Sri Lanka,Faculty of Islamic Studies & Arabic Language
Bachelor of Arts (Special) in Islamic Law,Undergraduate,South Eastern University of Sri Lanka,Faculty of Islamic Studies & Arabic Language
Bachelor of Arts (General) in Islamic Studies,Undergraduate,South Eastern University of Sri Lanka,Faculty of Islamic Studies & Arabic Language
Bachelor of Science in Agriculture,Undergraduate,Rajarata University of Sri Lanka,Faculty of Agriculture
Bachelor of Information and Communication Technology (General),Undergraduate,Rajarata University of Sri Lanka,Faculty of Applied Sciences
Bachelor of Science (General),Undergraduate,Rajarata University of Sri Lanka,Faculty of Applied Sciences
Bachelor of Science (Special) in Applied Biology,Undergraduate,Rajarata University of Sri Lanka,Faculty of Applied Sciences
Bachelor of Science (General) in Applied Sciences,Undergraduate,Rajarata University of Sri Lanka,Faculty of Applied Sciences
Bachelor of Science (Special) in Applied Sciences,Undergraduate,Rajarata University of Sri Lanka,Faculty of Applied Sciences
Bachelor of Science in Applied Sciences (Physical),Undergraduate,Rajarata University of Sri Lanka,Faculty of Applied Sciences
Bachelor of Science (Special) in Biology & Physics,Undergraduate,Rajarata University of Sri Lanka,Faculty of Applied Sciences
Bachelor of Science (Special) in Health Promotion,Undergraduate,Rajarata University of Sri Lanka,Faculty of Applied Sciences
Bachelor of Science in Industrial Mathematics,Undergraduate,Rajarata University of Sri Lanka,Faculty of Applied Sciences
Bachelor of Business Administration (Special) in Accountancy & Finance,Undergraduate,Rajarata University of Sri Lanka,Faculty of Management Studies
Bachelor of Business Administration (Special) in Business Information Technology,Undergraduate,Rajarata University of Sri Lanka,Faculty of Management Studies
Bachelor of Business Administration (Special) in Business Management,Undergraduate,Rajarata University of Sri Lanka,Faculty of Management Studies
Bachelor of Business Administration (Special) in Tourism and Hospitality Management,Undergraduate,Rajarata University of Sri Lanka,Faculty of Management Studies
MBBS,Undergraduate,Rajarata University of Sri Lanka,Faculty of Medicine and Allied Sciences
Bachelor of Arts (General),Undergraduate,Rajarata University of Sri Lanka,Faculty of Social Sciences and Humanities
Bachelor of Arts (Special),Undergraduate,Rajarata University of Sri Lanka,Faculty of Social Sciences and Humanities
Bachelor of Arts (Special) in Archaeology and Heritage Management,Undergraduate,Rajarata University of Sri Lanka,Faculty of Social Sciences and Humanities
Bachelor of Arts (Special) in Economic,Undergraduate,Rajarata University of Sri Lanka,Faculty of Social Sciences and Humanities
Bachelor of Arts (Special) in Environmental Management,Undergraduate,Rajarata University of Sri Lanka,Faculty of Social Sciences and Humanities
Bachelor of Arts (Special) in History,Undergraduate,Rajarata University of Sri Lanka,Faculty of Social Sciences and Humanities
Bachelor of Arts (Special) in Sinhala,Undergraduate,Rajarata University of Sri Lanka,Faculty of Social Sciences and Humanities
Bachelor of Science in Agriculture Sciences and Management,Undergraduate,Sabaragamuwa University of Sri Lanka,Faculty of Agricultural Sciences
Bachelor of Science in Computing & Information Systems,Undergraduate,Sabaragamuwa University of Sri Lanka,Faculty of Applied Sciences
Bachelor of Science in Physical Education,Undergraduate,Sabaragamuwa University of Sri Lanka,Faculty of Applied Sciences
Bachelor of Science in Sports Sciences & Management,Undergraduate,Sabaragamuwa University of Sri Lanka,Faculty of Applied Sciences
Bachelor of Science (Applied Sciences),Undergraduate,Sabaragamuwa University of Sri Lanka,Faculty of Applied Sciences
Bachelor of Science (Surveying Sciences),Undergraduate,Sabaragamuwa University of Sri Lanka,Faculty of Geomatics
Bachelor of Science (Special) Business Management,Undergraduate,Sabaragamuwa University of Sri Lanka,Faculty of Management Studies
Bachelor of Science (Special) Eco Business Management,Undergraduate,Sabaragamuwa University of Sri Lanka,Faculty of Management Studies
Bachelor of Science (Special) Financial Management,Undergraduate,Sabaragamuwa University of Sri Lanka,Faculty of Management Studies
Bachelor of Science (Special) Marketing Management,Undergraduate,Sabaragamuwa University of Sri Lanka,Faculty of Management Studies
Bachelor of Science (Special) Tourism Management,Undergraduate,Sabaragamuwa University of Sri Lanka,Faculty of Management Studies
Bachelor of Arts (Special) Economics,Undergraduate,Sabaragamuwa University of Sri Lanka,Faculty of Social Sciences & Languages
Bachelor of Arts (Special) Geography,Undergraduate,Sabaragamuwa University of Sri Lanka,Faculty of Social Sciences & Languages
Bachelor of Arts (Special) Political Science,Undergraduate,Sabaragamuwa University of Sri Lanka,Faculty of Social Sciences & Languages
Bachelor of Arts (Special) Sociology & Anthropology,Undergraduate,Sabaragamuwa University of Sri Lanka,Faculty of Social Sciences & Languages
Bachelor of Arts (Special) Statistics,Undergraduate,Sabaragamuwa University of Sri Lanka,Faculty of Social Sciences & Languages
Bachelor of Arts Special (Languages),Undergraduate,Sabaragamuwa University of Sri Lanka,Faculty of Social Sciences & Languages
Bachelor of Arts Special (Social Sciences),Undergraduate,Sabaragamuwa University of Sri Lanka,Faculty of Social Sciences & Languages
Bachelor of Science (Plantation Mangement) (External),Undergraduate,Wayamba University of Sri Lanka,Faculty of Agriculture & Plantation Management
Bachelor of Science of Agriculture,Undergraduate,Wayamba University of Sri Lanka,Faculty of Agriculture & Plantation Management
Bachelor of Science (General),Undergraduate,Wayamba University of Sri Lanka,Faculty of Applied Sciences
Bachelor of Science in (Joint Major),Undergraduate,Wayamba University of Sri Lanka,Faculty of Applied Sciences
Bachelor of Science (Special) in Accountancy & Business Finance,Undergraduate,Wayamba University of Sri Lanka,Faculty of Business Studies and Finance
Bachelor of Science (Special) in Banking & Finance,Undergraduate,Wayamba University of Sri Lanka,Faculty of Business Studies and Finance
Bachelor of Science (Special) in Business Management,Undergraduate,Wayamba University of Sri Lanka,Faculty of Business Studies and Finance
Bachelor of Science (Special) in Insurance & Valuation,Undergraduate,Wayamba University of Sri Lanka,Faculty of Business Studies and Finance
Bachelor of Science (Special) in Food Production & Tech.Management,Undergraduate,Wayamba University of Sri Lanka,"Faculty of Livestock, Fisheries & Nutrition"
Bachelor of Science (Special) in Food Science & Nutrition,Undergraduate,Wayamba University of Sri Lanka,"Faculty of Livestock, Fisheries & Nutrition"
Bachelor of Industrial Information Technology,Undergraduate,Uva Wellassa University,Faculty of Science & Technology
Bachelor of Science in Computer Sc. & Tech.,Undergraduate,Uva Wellassa University,Faculty of Science & Technology
Bachelor of Science in Mineral Resources & Technology,Undergraduate,Uva Wellassa University,Faculty of Science & Technology
Bachelor of Technology,Undergraduate,Uva Wellassa University,Faculty of Science & Technology
Bachelor of Business Management in Entrepreneurship & Management,Undergraduate,Uva Wellassa University,Faculty of Management
"Bachelor of Business Management in Hospitality,Tourism & Events Management",Undergraduate,Uva Wellassa University,Faculty of Management
Bachelor of Animal Science,Undergraduate,Uva Wellassa University,Faculty of Animal Science & Export Agriculture
Bachelor of Science in Aquatic Resources Technology,Undergraduate,Uva Wellassa University,Faculty of Animal Science & Export Agriculture
Bachelor of Science in Export Agriculture,Undergraduate,Uva Wellassa University,Faculty of Animal Science & Export Agriculture
Bachelor of Science in Palm & Latex Tech.& Value Addition,Undergraduate,Uva Wellassa University,Faculty of Animal Science & Export Agriculture
Bachelor of Science in Tea Technology & Value Addition,Undergraduate,Uva Wellassa University,Faculty of Animal Science & Export Agriculture
Bachelor of Performing Arts joint(Special) Degree in Up Country Drumming,Undergraduate,University of the Visual & Performing Arts,Faculty of Dance and Drama
Bachelor of Performing Arts (Special) Degree in Acting,Undergraduate,University of the Visual & Performing Arts,Faculty of Dance and Drama
Bachelor of Performing Arts (Special) Degree in Bharatha Nattyam,Undergraduate,University of the Visual & Performing Arts,Faculty of Dance and Drama
Bachelor of Performing Arts (Special) Degree in Kathak,Undergraduate,University of the Visual & Performing Arts,Faculty of Dance and Drama
Bachelor of Performing Arts (Special) Degree in Low Country Dance,Undergraduate,University of the Visual & Performing Arts,Faculty of Dance and Drama
Bachelor of Performing Arts (Special) Degree in Low Country Drumming,Undergraduate,University of the Visual & Performing Arts,Faculty of Dance and Drama
Bachelor of Performing Arts (Special) Degree in Sabaragamuwa Dance,Undergraduate,University of the Visual & Performing Arts,Faculty of Dance and Drama
Bachelor of Performing Arts (Special) Degree in Sabaragamuwa Drumming,Undergraduate,University of the Visual & Performing Arts,Faculty of Dance and Drama
Bachelor of Performing Arts (Special) Degree in Script Writing and Directing,Undergraduate,University of the Visual & Performing Arts,Faculty of Dance and Drama
Bachelor of Performing Arts (Special) Degree in Up Country Dance,Undergraduate,University of the Visual & Performing Arts,Faculty of Dance and Drama
Bachelor of Performing Arts (Special) Degree in Up Country Drumming,Undergraduate,University of the Visual & Performing Arts,Faculty of Dance and Drama
Bachelor of Performing Arts (Special) Degree in Video Dance,Undergraduate,University of the Visual & Performing Arts,Faculty of Dance and Drama
Bachelor of Performing Arts joint (Special) Degree in Bharatha Nattyam,Undergraduate,University of the Visual & Performing Arts,Faculty of Dance and Drama
Bachelor of Performing Arts joint (Special) Degree in Kathak,Undergraduate,University of the Visual & Performing Arts,Faculty of Dance and Drama
Bachelor of Performing Arts joint (Special) Degree in Low Country Dance,Undergraduate,University of the Visual & Performing Arts,Faculty of Dance and Drama
Bachelor of Performing Arts joint (Special) Degree in Sabaragamuwa Dance,Undergraduate,University of the Visual & Performing Arts,Faculty of Dance and Drama
Bachelor of Performing Arts joint (Special) Degree in Up Country Dance,Undergraduate,University of the Visual & Performing Arts,Faculty of Dance and Drama
Bachelor of Performing Arts joint(Special) Degree in Acting,Undergraduate,University of the Visual & Performing Arts,Faculty of Dance and Drama
Bachelor of Performing Arts joint(Special) Degree in History and Theory of Dance and Drama,Undergraduate,University of the Visual & Performing Arts,Faculty of Dance and Drama
Bachelor of Performing Arts joint(Special) Degree in Low Country Drumming,Undergraduate,University of the Visual & Performing Arts,Faculty of Dance and Drama
Bachelor of Performing Arts joint(Special) Degree in Oriental Ballet & Modern Dance,Undergraduate,University of the Visual & Performing Arts,Faculty of Dance and Drama
Bachelor of Performing Arts joint(Special) Degree in Sabaragamuwa Drumming,Undergraduate,University of the Visual & Performing Arts,Faculty of Dance and Drama
Bachelor of Performing Arts joint(Special) Degree in Script Writing and Directing,Undergraduate,University of the Visual & Performing Arts,Faculty of Dance and Drama
Bachelor of Performing Arts joint(Special) Degree in Video Dance,Undergraduate,University of the Visual & Performing Arts,Faculty of Dance and Drama
Master of Arts in Dance,Postgraduate,University of the Visual & Performing Arts,Faculty of Dance and Drama
Master of Performing Arts in Dance,Postgraduate,University of the Visual & Performing Arts,Faculty of Dance and Drama
Bachelor of Fine Arts in Applied Music,Undergraduate,University of the Visual & Performing Arts,Faculty of Music
Bachelor of Fine Arts in Carnatic Music,Undergraduate,University of the Visual & Performing Arts,Faculty of Music
Bachelor of Fine Arts in Comparative Music,Undergraduate,University of the Visual & Performing Arts,Faculty of Music
Bachelor of Fine Arts in Ethno-Musicology,Undergraduate,University of the Visual & Performing Arts,Faculty of Music
Bachelor of Fine Arts in North Indian Classical Music,Undergraduate,University of the Visual & Performing Arts,Faculty of Music
Bachelor of Fine Arts in Western Music,Undergraduate,University of the Visual & Performing Arts,Faculty of Music
Bachelor of Visual Arts Ceramic,Undergraduate,University of the Visual & Performing Arts,Faculty of Visual Arts
Bachelor of Visual Arts History & Art Theories,Undergraduate,University of the Visual & Performing Arts,Faculty of Visual Arts
Bachelor of Visual Arts Multidiciplinary Design,Undergraduate,University of the Visual & Performing Arts,Faculty of Visual Arts
Bachelor of Visual Arts Multimedia Art,Undergraduate,University of the Visual & Performing Arts,Faculty of Visual Arts
Bachelor of Visual Arts Painting,Undergraduate,University of the Visual & Performing Arts,Faculty of Visual Arts
Bachelor of Visual Arts Printmaking,Undergraduate,University of the Visual & Performing Arts,Faculty of Visual Arts
Bachelor of Visual Arts Sculpture,Undergraduate,University of the Visual & Performing Arts,Faculty of Visual Arts
Bachelor of Visual Arts Textile & Wearable Arts,Undergraduate,University of the Visual & Performing Arts,Faculty of Visual Arts
Bachelor of Visual Arts Visual Communication Design,Undergraduate,University of the Visual & Performing Arts,Faculty of Visual Arts
Bachelor of Arts (Special) in Communication,Undergraduate,Trincomalee Campus,Faculty of Communication and Buisiness Studies
Bachelor of Arts (Majoring) in Communication,Undergraduate,Trincomalee Campus,Faculty of Communication and Buisiness Studies
Bachelor of Arts (Majoring) in English Language,Undergraduate,Trincomalee Campus,Faculty of Communication and Buisiness Studies
Bachelor of Arts (Majoring) in Linguistics,Undergraduate,Trincomalee Campus,Faculty of Communication and Buisiness Studies
Bachelor of Science (Majoring) in Accounting & Financial Management,Undergraduate,Trincomalee Campus,Faculty of Communication and Buisiness Studies
Bachelor of Science (Majoring) in Human Resource Management,Undergraduate,Trincomalee Campus,Faculty of Communication and Buisiness Studies
Bachelor of Science (Majoring) in Information Management,Undergraduate,Trincomalee Campus,Faculty of Communication and Buisiness Studies
Bachelor of Science (Majoring) in Management,Undergraduate,Trincomalee Campus,Faculty of Communication and Buisiness Studies
Bachelor of Science (Majoring) in Marketing,Undergraduate,Trincomalee Campus,Faculty of Communication and Buisiness Studies
Bachelor of Computer Science (Special),Undergraduate,Trincomalee Campus,Faculty of Applied Sciences
Bachelor of Computer Science (General),Undergraduate,Trincomalee Campus,Faculty of Applied Sciences
Bachelor of Information Technology (Special),Undergraduate,Trincomalee Campus,Faculty of Applied Sciences
Bachelor of Information Technology (General),Undergraduate,Trincomalee Campus,Faculty of Applied Sciences
B.Sc. in Applied Mathematics and Computing,Undergraduate,Vavuniya Campus,Faculty of Applied Sciences
B.Sc. (Special) in Computer Science,Undergraduate,Vavuniya Campus,Faculty of Applied Sciences
B.Sc. in Environmental Science,Undergraduate,Vavuniya Campus,Faculty of Applied Sciences
B.Sc. (Special) in Information Communication Technology,Undergraduate,Vavuniya Campus,Faculty of Applied Sciences
B.Sc. (Applied Mathematics & Computing),Undergraduate,Vavuniya Campus,Faculty of Applied Sciences
B.Sc. (Environmental Science),Undergraduate,Vavuniya Campus,Faculty of Applied Sciences
B.Sc. (Special in Applied Mathematics and Computing),Undergraduate,Vavuniya Campus,Faculty of Applied Sciences
B.Sc. (Special in Environmental Science),Undergraduate,Vavuniya Campus,Faculty of Applied Sciences
Bachelor of Information and Communication Technology,Undergraduate,Vavuniya Campus,Faculty of Applied Sciences
Bachelor of Business Management (General),Undergraduate,Vavuniya Campus,Faculty of Business Studies
Bachelor of Business Management (Special) in Accountancy & Finance,Undergraduate,Vavuniya Campus,Faculty of Business Studies
Bachelor of Business Management (Special) in Business Economics,Undergraduate,Vavuniya Campus,Faculty of Business Studies
Bachelor of Business Management (Special) in Marketing Management,Undergraduate,Vavuniya Campus,Faculty of Business Studies
Bachelor of Arts (Special) in Mass Media,Undergraduate,Sri Palee Campus,
Bachelor of Arts (Special) in Performing Arts,Undergraduate,Sri Palee Campus,
Postgraduate Certificate Course in Medical Education,Postgraduate,Postgraduate Institute of Medicine,
Doctor of Medicine in Anaesthesiology,Postgraduate,Postgraduate Institute of Medicine,
Master of Science in Community Dentistry,Postgraduate,Postgraduate Institute of Medicine,
Master of Science in Community Medicine,Postgraduate,Postgraduate Institute of Medicine,
Doctor of Medicine in Community Dentistry,Postgraduate,Postgraduate Institute of Medicine,
Doctor of Medicine in Community Medicine,Postgraduate,Postgraduate Institute of Medicine,
Doctor of Medicine in Oral Surgery,Postgraduate,Postgraduate Institute of Medicine,
Doctor of Medicine in Orthodontics,Postgraduate,Postgraduate Institute of Medicine,
Doctor of Medicine in Restorative Dentistry,Postgraduate,Postgraduate Institute of Medicine,
Doctor of Medicine in Medicine,Postgraduate,Postgraduate Institute of Medicine,
Doctor of Medicine in Obstetrics & Gynaecology,Postgraduate,Postgraduate Institute of Medicine,
Doctor of Medicine in Ophthalmology,Postgraduate,Postgraduate Institute of Medicine,
Doctor of Medicine in Paediatrics,Postgraduate,Postgraduate Institute of Medicine,
Doctor of Medicine in Psychiatry,Postgraduate,Postgraduate Institute of Medicine,
Postgraduate Diploma in Family Medicine,Postgraduate,Postgraduate Institute of Medicine,
PostgraduateDiploma in Family Medicine(DE),Postgraduate,Postgraduate Institute of Medicine,
Doctor of Medicine in Forensic Medicine,Postgraduate,Postgraduate Institute of Medicine,
Doctor of Medicine in Otorhinolaryngology,Postgraduate,Postgraduate Institute of Medicine,
Doctor of Medicine in Radiology,Postgraduate,Postgraduate Institute of Medicine,
Doctor of Medicine in Surgery,Postgraduate,Postgraduate Institute of Medicine,
Doctor of Medicine in Medical Microbiology,Postgraduate,Postgraduate Institute of Medicine,
Doctor of Medicine in Family Medicine,Postgraduate,Postgraduate Institute of Medicine,
Postgraduate Diploma in Legal Medicine,Postgraduate,Postgraduate Institute of Medicine,
Postgraduate Diploma in Pathology,Postgraduate,Postgraduate Institute of Medicine,
Postgraduate Diploma in Medical Microbiology,Postgraduate,Postgraduate Institute of Medicine,
Doctor of Medicine in (Pathology) Haematology,Postgraduate,Postgraduate Institute of Medicine,
Doctor of Medicine in (Pathology) Histopathology,Postgraduate,Postgraduate Institute of Medicine,
Postgraduate Diploma in Tuberculosis and Chest Diseases,Postgraduate,Postgraduate Institute of Medicine,
Doctor of Medicine in Clinical Oncology,Postgraduate,Postgraduate Institute of Medicine,
Doctor of Medicine in Clinical Oncology,Postgraduate,Postgraduate Institute of Medicine,
Postgraduate Diploma in Child Health,Postgraduate,Postgraduate Institute of Medicine,
Doctor of Medicine in (Pathology) Chemical Pathology,Postgraduate,Postgraduate Institute of Medicine,
Master of Science Medical Administration,Postgraduate,Postgraduate Institute of Medicine,
Doctor of Medicine in Dermatology,Postgraduate,Postgraduate Institute of Medicine,
Doctor of Medicine in Medical Administration,Postgraduate,Postgraduate Institute of Medicine,
Postgraduate Diploma in Transfusion Medicine,Postgraduate,Postgraduate Institute of Medicine,
Postgraduate Diploma in Venerology,Postgraduate,Postgraduate Institute of Medicine,
Doctor of Medicine in Venerology,Postgraduate,Postgraduate Institute of Medicine,
Postgraduate Diploma in Reproductive Health,Postgraduate,Postgraduate Institute of Medicine,
Doctor of Medicine in (Ophthalmology) Module I,Postgraduate,Postgraduate Institute of Medicine,
"Doctor of Medicine in (Ophthalmology) Module II, III & IV",Postgraduate,Postgraduate Institute of Medicine,
Postgraduate Diploma in Hospital Dental Practice,Postgraduate,Postgraduate Institute of Medicine,
Doctor of Medicine in Medical Parasitalogy,Postgraduate,Postgraduate Institute of Medicine,
Doctor of Medicine in Medical Virology,Postgraduate,Postgraduate Institute of Medicine,
Doctor of Medicine in Transfusion Medicine,Postgraduate,Postgraduate Institute of Medicine,
Postgraduate Diploma in Psychiatry,Postgraduate,Postgraduate Institute of Medicine,
Postgraduate Diploma in Sport Medicine,Postgraduate,Postgraduate Institute of Medicine,
Postgraduate Diploma in Genaral Dental Practice(DE),Postgraduate,Postgraduate Institute of Medicine,
Doctor of Medicine in Oral Pathology,Postgraduate,Postgraduate Institute of Medicine,
Postgraduate Diploma in Clinical Microbiology,Postgraduate,Postgraduate Institute of Medicine,
Postgraduate Diploma in Critical Care Medicine,Postgraduate,Postgraduate Institute of Medicine,
Postgraduate Diploma in Medical Education,Postgraduate,Postgraduate Institute of Medicine,
Postgraduate Diploma in Molecular Medicine,Postgraduate,Postgraduate Institute of Medicine,
Master of Science Biomedical Informatics,Postgraduate,Postgraduate Institute of Medicine,
Master of Science Medical Toxicology,Postgraduate,Postgraduate Institute of Medicine,
Postgraduate Diploma in (Pathology) Chemical Pathology,Postgraduate,Postgraduate Institute of Medicine,
Postgraduate Diploma in (Pathology) Heamatology,Postgraduate,Postgraduate Institute of Medicine,
Postgraduate Diploma in (Pathology) Histopathology,Postgraduate,Postgraduate Institute of Medicine,
Doctor of Medicine in Radiology,Postgraduate,Postgraduate Institute of Medicine,
Master of Arts in Buddhist Ayurvedic Counseling,Postgraduate,Postgraduate Institute of Pali & Buddhist Studies,
Master of Science in Nanoscience & Nanotechnology,Postgraduate,Postgraduate Institute of Science,
Master of Science in Environment Management,Postgraduate,Postgraduate Institute of Science,
Master of Science,Postgraduate,Postgraduate Institute of Science,
Postgraduate Diploma in Applied Epidemiology,Postgraduate,Postgraduate Institute of Science,
Postgraduate Diploma in Teaching English as a Second Language,Postgraduate,Postgraduate Institute of English,
Bachelor of Labor Education (BLE) in,Undergraduate,Institute of Human Resource Advancement,
Bachelor of Ayurvedic Medicine & Surgery in,Undergraduate,Institute of Indigenous Medicine,
Bachelor of Unani Medicine & Surgery in,Undergraduate,Institute of Indigenous Medicine,
Bachelor of Science in Computer Science (BSc (Comp.Sc)),Undergraduate,University of Colombo School of Computing,
Bachelor of Science in Information & Communication Technology (BSc.(ICT)),Undergraduate,University of Colombo School of Computing,
Bachelor of Information and Communication Technology (BICT) in,Undergraduate,University of Colombo School of Computing,
Bachelor of Computer Science (BCSc) in,Undergraduate,University of Colombo School of Computing,
Bachelor of Ayurvedic Medicine & Surgery in,Undergraduate,Gampaha Wickramarachchi University of Indigenous Medicine,
Postgraduate Diploma in Management and Administration of Ayurveda Institutions,Postgraduate,Gampaha Wickramarachchi University of Indigenous Medicine,
Master of Science,Postgraduate,Gampaha Wickramarachchi University of Indigenous Medicine,
Bachelor of Fine Arts (Special) in Dance,Undergraduate,Swamy Vipulananda Institute of Aesthetic Studies,
Bachelor of Fine Arts (Special) in Drama & Theatre,Undergraduate,Swamy Vipulananda Institute of Aesthetic Studies,
Bachelor of Fine Arts (Special) in Music,Undergraduate,Swamy Vipulananda Institute of Aesthetic Studies,
Bachelor of Fine Arts (Special) in Visual & Technological Arts,Undergraduate,Swamy Vipulananda Institute of Aesthetic Studies,
