role_id,skill_id,frequency,importance
AI_ML_ENGINEER_INT,SK001,16,0.020627
AI_ML_ENGINEER_INT,SK002,3,0.003868
AI_ML_ENGINEER_INT,SK003,21,0.027073
AI_ML_ENGINEER_INT,SK004,73,0.146752
AI_ML_ENGINEER_INT,SK006,2,0.007306
AI_ML_ENGINEER_INT,SK007,2,0.001243
AI_ML_ENGINEER_INT,SK009,5,0.006446
AI_ML_ENGINEER_INT,SK011,22,0.061472
AI_ML_ENGINEER_INT,SK012,8,0.010314
AI_ML_ENGINEER_INT,SK013,2,0.004021
AI_ML_ENGINEER_INT,SK016,12,0.01547
AI_ML_ENGINEER_INT,SK017,1,0.003653
AI_ML_ENGINEER_INT,SK020,14,0.018049
AI_ML_ENGINEER_INT,SK024,7,0.014072
AI_ML_ENGINEER_INT,SK026,13,0.00808
AI_ML_ENGINEER_INT,SK027,3,0.006031
AI_ML_ENGINEER_INT,SK028,24,0.014917
AI_ML_ENGINEER_INT,SK029,15,0.054793
AI_ML_ENGINEER_INT,SK031,100,0.279419
AI_ML_ENGINEER_INT,SK032,2,0.004021
AI_ML_ENGINEER_INT,SK034,51,0.142504
AI_ML_ENGINEER_INT,SK038,4,0.005157
AI_ML_ENGINEER_INT,SK039,5,0.018264
AI_ML_ENGINEER_INT,SK040,9,0.025148
AI_ML_ENGINEER_INT,SK041,36,0.0
AI_ML_ENGINEER_INT,SK043,19,0.05309
AI_ML_ENGINEER_INT,SK044,11,0.030736
AI_ML_ENGINEER_INT,SK045,1,0.001289
AI_ML_ENGINEER_INT,SK046,2,0.007306
AI_ML_ENGINEER_INT,SK047,3,0.008383
AI_ML_ENGINEER_INT,SK050,4,0.008041
AI_ML_ENGINEER_INT,SK052,6,0.021917
AI_ML_ENGINEER_INT,SK054,2,0.009204
AI_ML_ENGINEER_INT,SK057,3,0.001865
AI_ML_ENGINEER_INT,SK058,4,0.011177
AI_ML_ENGINEER_INT,SK060,12,0.067958
AI_ML_ENGINEER_INT,SK063,2,0.009204
AI_ML_ENGINEER_INT,SK067,35,0.021755
AI_ML_ENGINEER_INT,SK068,5,0.003108
AI_ML_ENGINEER_INT,SK074,1,0.00201
AI_ML_ENGINEER_INT,SK080,3,0.006031
AI_ML_ENGINEER_INT,SK085,7,0.039642
AI_ML_ENGINEER_INT,SK087,3,0.013806
AI_ML_ENGINEER_INT,SK088,1,0.004602
AI_ML_ENGINEER_INT,SK091,23,0.084015
AI_ML_ENGINEER_INT,SK095,6,0.021917
AI_ML_ENGINEER_INT,SK101,1,0.002794
AI_ML_ENGINEER_INT,SK102,29,0.018025
AI_ML_ENGINEER_INT,SK106,4,0.022653
AI_ML_ENGINEER_INT,SK110,3,0.013806
AI_ML_ENGINEER_INT,SK115,4,0.033019
AI_ML_ENGINEER_INT,SK117,9,0.005594
AI_ML_ENGINEER_INT,SK118,2,0.005588
AI_ML_ENGINEER_INT,SK122,1,0.00201
AI_ML_ENGINEER_INT,SK123,1,0.008255
AI_ML_ENGINEER_INT,SK124,72,0.044752
AI_ML_ENGINEER_INT,SK129,4,0.027465
AI_ML_ENGINEER_INT,SK132,2,0.005588
AI_ML_ENGINEER_INT,SK133,2,0.019795
AI_ML_ENGINEER_INT,SK135,6,0.003729
AI_ML_ENGINEER_INT,SK144,1,0.004602
AI_ML_ENGINEER_INT,SK152,4,0.008041
AI_ML_ENGINEER_INT,SK155,2,0.007306
AI_ML_ENGINEER_INT,SK157,2,0.005588
AI_ML_ENGINEER_INT,SK161,5,0.003108
AI_ML_ENGINEER_INT,SK166,3,0.003868
AI_ML_ENGINEER_INT,SK167,2,0.013732
AI_ML_ENGINEER_INT,SK177,4,0.033019
AI_ML_ENGINEER_INT,SK181,7,0.009024
AI_ML_ENGINEER_INT,SK182,1,0.004602
AI_ML_ENGINEER_INT,SK184,1,0.004602
AI_ML_ENGINEER_INT,SK185,1,0.006866
AI_ML_ENGINEER_INT,SK188,1,0.005663
AI_ML_ENGINEER_INT,SK192,4,0.027465
AI_ML_ENGINEER_INT,SK194,6,0.041197
AI_ML_ENGINEER_INT,SK211,4,0.018408
AI_ML_ENGINEER_INT,SK218,1,0.006866
AI_ML_ENGINEER_INT,SK225,15,0.0
AI_ML_ENGINEER_INT,SK228,9,0.041418
AI_ML_ENGINEER_INT,SK239,16,0.020627
AI_ML_ENGINEER_INT,SK244,4,0.047631
AI_ML_ENGINEER_INT,SK253,2,0.011326
AI_ML_ENGINEER_INT,SK257,3,0.016989
AI_ML_ENGINEER_INT,SK271,2,0.002578
AI_ML_ENGINEER_INT,SK274,2,0.01651
AI_ML_ENGINEER_INT,SK277,25,0.171653
AI_ML_ENGINEER_INT,SK282,7,0.009024
AI_ML_ENGINEER_INT,SK285,21,0.042216
AI_ML_ENGINEER_INT,SK292,2,0.011326
AI_ML_ENGINEER_INT,SK295,2,0.002578
DATA_ANALYST_INT,SK001,8,0.002834
DATA_ANALYST_INT,SK002,11,0.003896
DATA_ANALYST_INT,SK003,198,0.070134
DATA_ANALYST_INT,SK004,120,0.06628
DATA_ANALYST_INT,SK005,2,0.001535
DATA_ANALYST_INT,SK006,4,0.004015
DATA_ANALYST_INT,SK007,24,0.004099
DATA_ANALYST_INT,SK009,3,0.001063
DATA_ANALYST_INT,SK011,24,0.018425
DATA_ANALYST_INT,SK012,99,0.035067
DATA_ANALYST_INT,SK013,3,0.001657
DATA_ANALYST_INT,SK015,2,0.003112
DATA_ANALYST_INT,SK016,24,0.008501
DATA_ANALYST_INT,SK020,6,0.002125
DATA_ANALYST_INT,SK021,3,0.002303
DATA_ANALYST_INT,SK023,11,0.013909
DATA_ANALYST_INT,SK024,5,0.002762
DATA_ANALYST_INT,SK026,23,0.003928
DATA_ANALYST_INT,SK027,9,0.004971
DATA_ANALYST_INT,SK028,54,0.009222
DATA_ANALYST_INT,SK031,60,0.046063
DATA_ANALYST_INT,SK032,18,0.009942
DATA_ANALYST_INT,SK034,33,0.025334
DATA_ANALYST_INT,SK035,5,0.003839
DATA_ANALYST_INT,SK038,11,0.003896
DATA_ANALYST_INT,SK039,5,0.005018
DATA_ANALYST_INT,SK040,14,0.010748
DATA_ANALYST_INT,SK041,60,0.0
DATA_ANALYST_INT,SK043,30,0.023031
DATA_ANALYST_INT,SK044,8,0.006142
DATA_ANALYST_INT,SK045,18,0.006376
DATA_ANALYST_INT,SK047,1,0.000768
DATA_ANALYST_INT,SK049,3,0.001657
DATA_ANALYST_INT,SK050,16,0.008837
DATA_ANALYST_INT,SK052,5,0.005018
DATA_ANALYST_INT,SK057,5,0.000854
DATA_ANALYST_INT,SK058,6,0.004606
DATA_ANALYST_INT,SK060,15,0.023339
DATA_ANALYST_INT,SK063,2,0.002529
DATA_ANALYST_INT,SK064,3,0.003793
DATA_ANALYST_INT,SK067,244,0.041669
DATA_ANALYST_INT,SK068,26,0.00444
DATA_ANALYST_INT,SK075,5,0.00778
DATA_ANALYST_INT,SK080,14,0.007733
DATA_ANALYST_INT,SK085,1,0.001556
DATA_ANALYST_INT,SK087,4,0.005058
DATA_ANALYST_INT,SK090,2,0.003773
DATA_ANALYST_INT,SK091,8,0.008029
DATA_ANALYST_INT,SK095,6,0.006022
DATA_ANALYST_INT,SK097,3,0.003011
DATA_ANALYST_INT,SK102,77,0.01315
DATA_ANALYST_INT,SK106,6,0.009336
DATA_ANALYST_INT,SK108,12,0.022638
DATA_ANALYST_INT,SK111,6,0.003314
DATA_ANALYST_INT,SK112,2,0.004536
DATA_ANALYST_INT,SK115,47,0.106598
DATA_ANALYST_INT,SK117,41,0.007002
DATA_ANALYST_INT,SK118,11,0.008445
DATA_ANALYST_INT,SK122,1,0.000552
DATA_ANALYST_INT,SK123,2,0.004536
DATA_ANALYST_INT,SK124,404,0.068993
DATA_ANALYST_INT,SK129,18,0.033957
DATA_ANALYST_INT,SK132,3,0.002303
DATA_ANALYST_INT,SK135,31,0.005294
DATA_ANALYST_INT,SK136,7,0.008851
DATA_ANALYST_INT,SK141,6,0.004606
DATA_ANALYST_INT,SK145,9,0.029445
DATA_ANALYST_INT,SK148,21,0.016122
DATA_ANALYST_INT,SK150,2,0.003773
DATA_ANALYST_INT,SK152,3,0.001657
DATA_ANALYST_INT,SK153,31,0.084299
DATA_ANALYST_INT,SK156,3,0.009815
DATA_ANALYST_INT,SK157,5,0.003839
DATA_ANALYST_INT,SK161,15,0.002562
DATA_ANALYST_INT,SK162,1,0.001004
DATA_ANALYST_INT,SK163,21,0.068705
DATA_ANALYST_INT,SK164,20,0.031119
DATA_ANALYST_INT,SK166,20,0.007084
DATA_ANALYST_INT,SK167,2,0.003773
DATA_ANALYST_INT,SK172,9,0.029445
DATA_ANALYST_INT,SK176,8,0.008029
DATA_ANALYST_INT,SK177,81,0.183712
DATA_ANALYST_INT,SK181,25,0.008855
DATA_ANALYST_INT,SK188,3,0.004668
DATA_ANALYST_INT,SK192,42,0.079232
DATA_ANALYST_INT,SK194,3,0.005659
DATA_ANALYST_INT,SK195,3,0.006804
DATA_ANALYST_INT,SK196,3,0.004668
DATA_ANALYST_INT,SK205,2,0.003112
DATA_ANALYST_INT,SK206,3,0.004668
DATA_ANALYST_INT,SK211,6,0.007587
DATA_ANALYST_INT,SK217,90,0.294451
DATA_ANALYST_INT,SK224,2,0.004536
DATA_ANALYST_INT,SK225,76,0.0
DATA_ANALYST_INT,SK226,14,0.026411
DATA_ANALYST_INT,SK228,6,0.007587
DATA_ANALYST_INT,SK234,19,0.024024
DATA_ANALYST_INT,SK239,35,0.012397
DATA_ANALYST_INT,SK240,2,0.002529
DATA_ANALYST_INT,SK253,94,0.14626
DATA_ANALYST_INT,SK254,14,0.017702
DATA_ANALYST_INT,SK255,14,0.026411
DATA_ANALYST_INT,SK260,3,0.011951
DATA_ANALYST_INT,SK270,71,0.13394
DATA_ANALYST_INT,SK271,6,0.002125
DATA_ANALYST_INT,SK273,52,0.08091
DATA_ANALYST_INT,SK274,2,0.004536
DATA_ANALYST_INT,SK277,43,0.081119
DATA_ANALYST_INT,SK278,6,0.013608
DATA_ANALYST_INT,SK282,24,0.008501
DATA_ANALYST_INT,SK284,4,0.005058
DATA_ANALYST_INT,SK285,58,0.032035
DATA_ANALYST_INT,SK288,12,0.006628
DATA_ANALYST_INT,SK290,23,0.052165
DATA_ANALYST_INT,SK292,10,0.01556
DATA_ANALYST_INT,SK295,11,0.003896
DATA_ANALYST_INT,SK296,3,0.004668
DATA_ANALYST_INT,SK299,2,0.004536
DATA_ENGINEER_INT,SK001,181,0.04458
DATA_ENGINEER_INT,SK002,20,0.004926
DATA_ENGINEER_INT,SK003,427,0.10517
DATA_ENGINEER_INT,SK004,378,0.145178
DATA_ENGINEER_INT,SK005,4,0.002135
DATA_ENGINEER_INT,SK006,12,0.008374
DATA_ENGINEER_INT,SK007,32,0.0038
DATA_ENGINEER_INT,SK009,48,0.011822
DATA_ENGINEER_INT,SK011,179,0.095555
DATA_ENGINEER_INT,SK012,207,0.050984
DATA_ENGINEER_INT,SK013,30,0.011522
DATA_ENGINEER_INT,SK016,90,0.022167
DATA_ENGINEER_INT,SK017,4,0.002791
DATA_ENGINEER_INT,SK018,16,0.017311
DATA_ENGINEER_INT,SK019,15,0.013188
DATA_ENGINEER_INT,SK020,39,0.009606
DATA_ENGINEER_INT,SK021,60,0.03203
DATA_ENGINEER_INT,SK023,18,0.015826
DATA_ENGINEER_INT,SK024,66,0.025348
DATA_ENGINEER_INT,SK026,44,0.005225
DATA_ENGINEER_INT,SK027,19,0.007297
DATA_ENGINEER_INT,SK028,96,0.0114
DATA_ENGINEER_INT,SK029,36,0.025123
DATA_ENGINEER_INT,SK031,134,0.071533
DATA_ENGINEER_INT,SK032,53,0.020356
DATA_ENGINEER_INT,SK033,8,0.010494
DATA_ENGINEER_INT,SK034,81,0.04324
DATA_ENGINEER_INT,SK035,83,0.044308
DATA_ENGINEER_INT,SK036,3,0.005673
DATA_ENGINEER_INT,SK037,4,0.002791
DATA_ENGINEER_INT,SK038,58,0.014285
DATA_ENGINEER_INT,SK039,148,0.103285
DATA_ENGINEER_INT,SK040,41,0.021887
DATA_ENGINEER_INT,SK041,194,0.0
DATA_ENGINEER_INT,SK042,4,0.005247
DATA_ENGINEER_INT,SK043,273,0.145735
DATA_ENGINEER_INT,SK044,37,0.019752
DATA_ENGINEER_INT,SK045,36,0.008867
DATA_ENGINEER_INT,SK046,12,0.008374
DATA_ENGINEER_INT,SK047,61,0.032564
DATA_ENGINEER_INT,SK049,9,0.003457
DATA_ENGINEER_INT,SK050,30,0.011522
DATA_ENGINEER_INT,SK051,8,0.012617
DATA_ENGINEER_INT,SK052,5,0.003489
DATA_ENGINEER_INT,SK054,4,0.003517
DATA_ENGINEER_INT,SK056,8,0.007034
DATA_ENGINEER_INT,SK057,20,0.002375
DATA_ENGINEER_INT,SK058,82,0.043774
DATA_ENGINEER_INT,SK060,225,0.243437
DATA_ENGINEER_INT,SK061,11,0.007677
DATA_ENGINEER_INT,SK062,4,0.0091
DATA_ENGINEER_INT,SK063,20,0.017584
DATA_ENGINEER_INT,SK064,43,0.037806
DATA_ENGINEER_INT,SK067,355,0.042156
DATA_ENGINEER_INT,SK068,100,0.011875
DATA_ENGINEER_INT,SK072,2,0.002624
DATA_ENGINEER_INT,SK074,12,0.004609
DATA_ENGINEER_INT,SK075,20,0.021639
DATA_ENGINEER_INT,SK076,4,0.005247
DATA_ENGINEER_INT,SK080,11,0.004225
DATA_ENGINEER_INT,SK082,12,0.008374
DATA_ENGINEER_INT,SK085,140,0.151472
DATA_ENGINEER_INT,SK086,8,0.012617
DATA_ENGINEER_INT,SK087,19,0.016705
DATA_ENGINEER_INT,SK088,12,0.010551
DATA_ENGINEER_INT,SK089,4,0.005247
DATA_ENGINEER_INT,SK091,31,0.021634
DATA_ENGINEER_INT,SK094,4,0.005247
DATA_ENGINEER_INT,SK095,4,0.002791
DATA_ENGINEER_INT,SK097,2,0.001396
DATA_ENGINEER_INT,SK100,4,0.007564
DATA_ENGINEER_INT,SK101,45,0.024022
DATA_ENGINEER_INT,SK102,82,0.009737
DATA_ENGINEER_INT,SK105,74,0.080064
DATA_ENGINEER_INT,SK106,130,0.140653
DATA_ENGINEER_INT,SK108,9,0.011806
DATA_ENGINEER_INT,SK110,5,0.004396
DATA_ENGINEER_INT,SK111,6,0.002304
DATA_ENGINEER_INT,SK112,22,0.034696
DATA_ENGINEER_INT,SK115,60,0.094626
DATA_ENGINEER_INT,SK117,87,0.010331
DATA_ENGINEER_INT,SK118,7,0.003737
DATA_ENGINEER_INT,SK120,1,0.001312
DATA_ENGINEER_INT,SK122,51,0.019587
DATA_ENGINEER_INT,SK124,581,0.068993
DATA_ENGINEER_INT,SK129,94,0.123307
DATA_ENGINEER_INT,SK130,8,0.012617
DATA_ENGINEER_INT,SK132,4,0.002135
DATA_ENGINEER_INT,SK133,4,0.007564
DATA_ENGINEER_INT,SK135,86,0.010212
DATA_ENGINEER_INT,SK136,15,0.013188
DATA_ENGINEER_INT,SK140,4,0.006308
DATA_ENGINEER_INT,SK141,14,0.007474
DATA_ENGINEER_INT,SK145,8,0.0182
DATA_ENGINEER_INT,SK148,40,0.021353
DATA_ENGINEER_INT,SK150,4,0.005247
DATA_ENGINEER_INT,SK152,24,0.009218
DATA_ENGINEER_INT,SK153,15,0.028363
DATA_ENGINEER_INT,SK155,12,0.008374
DATA_ENGINEER_INT,SK157,9,0.004804
DATA_ENGINEER_INT,SK159,4,0.004328
DATA_ENGINEER_INT,SK161,109,0.012944
DATA_ENGINEER_INT,SK163,15,0.034125
DATA_ENGINEER_INT,SK164,11,0.011901
DATA_ENGINEER_INT,SK166,40,0.009852
DATA_ENGINEER_INT,SK167,32,0.041977
DATA_ENGINEER_INT,SK174,7,0.009182
DATA_ENGINEER_INT,SK175,53,0.083586
DATA_ENGINEER_INT,SK176,10,0.006979
DATA_ENGINEER_INT,SK177,65,0.102511
DATA_ENGINEER_INT,SK181,190,0.046797
DATA_ENGINEER_INT,SK182,17,0.014947
DATA_ENGINEER_INT,SK184,21,0.018464
DATA_ENGINEER_INT,SK185,6,0.007871
DATA_ENGINEER_INT,SK187,5,0.00541
DATA_ENGINEER_INT,SK188,4,0.004328
DATA_ENGINEER_INT,SK191,2,0.00455
DATA_ENGINEER_INT,SK192,201,0.263666
DATA_ENGINEER_INT,SK194,1,0.001312
DATA_ENGINEER_INT,SK196,4,0.004328
DATA_ENGINEER_INT,SK197,3,0.006825
DATA_ENGINEER_INT,SK200,4,0.006308
DATA_ENGINEER_INT,SK205,9,0.009737
DATA_ENGINEER_INT,SK206,13,0.014065
DATA_ENGINEER_INT,SK207,8,0.012617
DATA_ENGINEER_INT,SK211,5,0.004396
DATA_ENGINEER_INT,SK212,5,0.007885
DATA_ENGINEER_INT,SK217,42,0.095549
DATA_ENGINEER_INT,SK218,7,0.009182
DATA_ENGINEER_INT,SK220,1,0.001891
DATA_ENGINEER_INT,SK224,25,0.039427
DATA_ENGINEER_INT,SK225,121,0.0
DATA_ENGINEER_INT,SK226,13,0.017053
DATA_ENGINEER_INT,SK228,7,0.006155
DATA_ENGINEER_INT,SK230,3,0.004731
DATA_ENGINEER_INT,SK234,3,0.002638
DATA_ENGINEER_INT,SK239,67,0.016502
DATA_ENGINEER_INT,SK240,6,0.005275
DATA_ENGINEER_INT,SK244,31,0.070524
DATA_ENGINEER_INT,SK253,60,0.064917
DATA_ENGINEER_INT,SK254,11,0.009671
DATA_ENGINEER_INT,SK257,4,0.004328
DATA_ENGINEER_INT,SK267,1,0.001577
DATA_ENGINEER_INT,SK268,4,0.007564
DATA_ENGINEER_INT,SK269,8,0.015127
DATA_ENGINEER_INT,SK270,41,0.053783
DATA_ENGINEER_INT,SK271,21,0.005172
DATA_ENGINEER_INT,SK273,36,0.03895
DATA_ENGINEER_INT,SK274,28,0.044159
DATA_ENGINEER_INT,SK275,41,0.077527
DATA_ENGINEER_INT,SK277,48,0.062965
DATA_ENGINEER_INT,SK278,7,0.01104
DATA_ENGINEER_INT,SK279,4,0.003517
DATA_ENGINEER_INT,SK282,89,0.021921
DATA_ENGINEER_INT,SK284,6,0.005275
DATA_ENGINEER_INT,SK285,173,0.066444
DATA_ENGINEER_INT,SK288,4,0.001536
DATA_ENGINEER_INT,SK290,15,0.023656
DATA_ENGINEER_INT,SK292,4,0.004328
DATA_ENGINEER_INT,SK295,21,0.005172
DATA_ENGINEER_INT,SK296,4,0.004328
DEVOPS_TRAINEE,SK001,160,0.036929
DEVOPS_TRAINEE,SK002,41,0.009463
DEVOPS_TRAINEE,SK003,181,0.041776
DEVOPS_TRAINEE,SK004,404,0.145403
DEVOPS_TRAINEE,SK005,5,0.002501
DEVOPS_TRAINEE,SK006,2,0.001308
DEVOPS_TRAINEE,SK007,95,0.010571
DEVOPS_TRAINEE,SK009,246,0.056779
DEVOPS_TRAINEE,SK011,443,0.221611
DEVOPS_TRAINEE,SK012,87,0.02008
DEVOPS_TRAINEE,SK013,26,0.009358
DEVOPS_TRAINEE,SK015,4,0.004056
DEVOPS_TRAINEE,SK016,255,0.058856
DEVOPS_TRAINEE,SK017,49,0.032045
DEVOPS_TRAINEE,SK018,13,0.013181
DEVOPS_TRAINEE,SK019,17,0.014007
DEVOPS_TRAINEE,SK020,344,0.079398
DEVOPS_TRAINEE,SK021,46,0.023011
DEVOPS_TRAINEE,SK022,3,0.003042
DEVOPS_TRAINEE,SK023,3,0.002472
DEVOPS_TRAINEE,SK024,619,0.222784
DEVOPS_TRAINEE,SK025,2,0.002956
DEVOPS_TRAINEE,SK026,116,0.012908
DEVOPS_TRAINEE,SK027,69,0.024834
DEVOPS_TRAINEE,SK028,89,0.009904
DEVOPS_TRAINEE,SK029,352,0.2302
DEVOPS_TRAINEE,SK030,4,0.005912
DEVOPS_TRAINEE,SK031,18,0.009004
DEVOPS_TRAINEE,SK032,30,0.010797
DEVOPS_TRAINEE,SK034,14,0.007003
DEVOPS_TRAINEE,SK035,67,0.033517
DEVOPS_TRAINEE,SK036,7,0.012404
DEVOPS_TRAINEE,SK037,1,0.000654
DEVOPS_TRAINEE,SK038,59,0.013618
DEVOPS_TRAINEE,SK039,39,0.025505
DEVOPS_TRAINEE,SK040,97,0.048524
DEVOPS_TRAINEE,SK041,328,0.0
DEVOPS_TRAINEE,SK042,2,0.002459
DEVOPS_TRAINEE,SK043,32,0.016008
DEVOPS_TRAINEE,SK044,8,0.004002
DEVOPS_TRAINEE,SK045,48,0.011079
DEVOPS_TRAINEE,SK046,2,0.001308
DEVOPS_TRAINEE,SK047,55,0.027514
DEVOPS_TRAINEE,SK049,22,0.007918
DEVOPS_TRAINEE,SK050,41,0.014756
DEVOPS_TRAINEE,SK051,62,0.091629
DEVOPS_TRAINEE,SK052,9,0.005886
DEVOPS_TRAINEE,SK054,2,0.001648
DEVOPS_TRAINEE,SK055,1,0.001014
DEVOPS_TRAINEE,SK056,38,0.031309
DEVOPS_TRAINEE,SK057,115,0.012797
DEVOPS_TRAINEE,SK058,48,0.024012
DEVOPS_TRAINEE,SK060,27,0.027375
DEVOPS_TRAINEE,SK061,92,0.060166
DEVOPS_TRAINEE,SK063,115,0.09475
DEVOPS_TRAINEE,SK064,92,0.0758
DEVOPS_TRAINEE,SK067,134,0.014911
DEVOPS_TRAINEE,SK068,59,0.006565
DEVOPS_TRAINEE,SK070,2,0.001648
DEVOPS_TRAINEE,SK072,8,0.009834
DEVOPS_TRAINEE,SK074,35,0.012597
DEVOPS_TRAINEE,SK075,9,0.009125
DEVOPS_TRAINEE,SK076,23,0.028273
DEVOPS_TRAINEE,SK080,18,0.006478
DEVOPS_TRAINEE,SK082,2,0.001308
DEVOPS_TRAINEE,SK085,7,0.007097
DEVOPS_TRAINEE,SK087,18,0.01483
DEVOPS_TRAINEE,SK088,116,0.095574
DEVOPS_TRAINEE,SK089,37,0.045483
DEVOPS_TRAINEE,SK091,2,0.001308
DEVOPS_TRAINEE,SK093,8,0.017055
DEVOPS_TRAINEE,SK094,6,0.007376
DEVOPS_TRAINEE,SK095,22,0.014387
DEVOPS_TRAINEE,SK097,8,0.005232
DEVOPS_TRAINEE,SK101,81,0.04052
DEVOPS_TRAINEE,SK102,114,0.012686
DEVOPS_TRAINEE,SK103,6,0.006083
DEVOPS_TRAINEE,SK105,23,0.023319
DEVOPS_TRAINEE,SK106,6,0.006083
DEVOPS_TRAINEE,SK108,21,0.025814
DEVOPS_TRAINEE,SK110,7,0.005767
DEVOPS_TRAINEE,SK111,37,0.013317
DEVOPS_TRAINEE,SK112,112,0.165523
DEVOPS_TRAINEE,SK117,234,0.026039
DEVOPS_TRAINEE,SK118,29,0.014507
DEVOPS_TRAINEE,SK121,2,0.002956
DEVOPS_TRAINEE,SK122,124,0.044629
DEVOPS_TRAINEE,SK124,143,0.015913
DEVOPS_TRAINEE,SK125,4,0.005912
DEVOPS_TRAINEE,SK126,6,0.015575
DEVOPS_TRAINEE,SK129,8,0.009834
DEVOPS_TRAINEE,SK130,3,0.004434
DEVOPS_TRAINEE,SK132,81,0.04052
DEVOPS_TRAINEE,SK135,107,0.011907
DEVOPS_TRAINEE,SK136,20,0.016478
DEVOPS_TRAINEE,SK137,2,0.0065
DEVOPS_TRAINEE,SK140,9,0.013301
DEVOPS_TRAINEE,SK141,13,0.006503
DEVOPS_TRAINEE,SK144,33,0.027189
DEVOPS_TRAINEE,SK148,2,0.001
DEVOPS_TRAINEE,SK149,1,0.001772
DEVOPS_TRAINEE,SK150,78,0.095882
DEVOPS_TRAINEE,SK151,2,0.0065
DEVOPS_TRAINEE,SK152,20,0.007198
DEVOPS_TRAINEE,SK154,12,0.021263
DEVOPS_TRAINEE,SK155,28,0.018311
DEVOPS_TRAINEE,SK156,12,0.025582
DEVOPS_TRAINEE,SK157,17,0.008504
DEVOPS_TRAINEE,SK159,30,0.030417
DEVOPS_TRAINEE,SK160,4,0.010383
DEVOPS_TRAINEE,SK161,155,0.017248
DEVOPS_TRAINEE,SK162,2,0.001308
DEVOPS_TRAINEE,SK164,8,0.008111
DEVOPS_TRAINEE,SK165,15,0.048748
DEVOPS_TRAINEE,SK166,53,0.012233
DEVOPS_TRAINEE,SK167,39,0.047941
DEVOPS_TRAINEE,SK168,8,0.025999
DEVOPS_TRAINEE,SK173,8,0.025999
DEVOPS_TRAINEE,SK174,28,0.034419
DEVOPS_TRAINEE,SK175,8,0.011823
DEVOPS_TRAINEE,SK176,6,0.003924
DEVOPS_TRAINEE,SK177,2,0.002956
DEVOPS_TRAINEE,SK179,4,0.004917
DEVOPS_TRAINEE,SK180,1,0.002132
DEVOPS_TRAINEE,SK181,330,0.076167
DEVOPS_TRAINEE,SK182,217,0.178789
DEVOPS_TRAINEE,SK183,10,0.021319
DEVOPS_TRAINEE,SK184,2,0.001648
DEVOPS_TRAINEE,SK185,15,0.018439
DEVOPS_TRAINEE,SK186,2,0.003544
DEVOPS_TRAINEE,SK187,15,0.015208
DEVOPS_TRAINEE,SK188,2,0.002028
DEVOPS_TRAINEE,SK190,15,0.018439
DEVOPS_TRAINEE,SK192,5,0.006146
DEVOPS_TRAINEE,SK193,8,0.017055
DEVOPS_TRAINEE,SK195,14,0.02069
DEVOPS_TRAINEE,SK196,4,0.004056
DEVOPS_TRAINEE,SK197,16,0.03411
DEVOPS_TRAINEE,SK198,1,0.001478
DEVOPS_TRAINEE,SK200,2,0.002956
DEVOPS_TRAINEE,SK202,36,0.053204
DEVOPS_TRAINEE,SK205,4,0.004056
DEVOPS_TRAINEE,SK206,11,0.011153
DEVOPS_TRAINEE,SK207,6,0.008867
DEVOPS_TRAINEE,SK208,2,0.008736
DEVOPS_TRAINEE,SK211,26,0.021422
DEVOPS_TRAINEE,SK212,36,0.053204
DEVOPS_TRAINEE,SK215,9,0.013301
DEVOPS_TRAINEE,SK216,2,0.0065
DEVOPS_TRAINEE,SK220,55,0.097458
DEVOPS_TRAINEE,SK223,13,0.019213
DEVOPS_TRAINEE,SK224,3,0.004434
DEVOPS_TRAINEE,SK225,169,0.0
DEVOPS_TRAINEE,SK226,2,0.002459
DEVOPS_TRAINEE,SK227,56,0.119384
DEVOPS_TRAINEE,SK228,2,0.001648
DEVOPS_TRAINEE,SK230,3,0.004434
DEVOPS_TRAINEE,SK233,3,0.007788
DEVOPS_TRAINEE,SK234,4,0.003296
DEVOPS_TRAINEE,SK239,93,0.021465
DEVOPS_TRAINEE,SK240,8,0.006591
DEVOPS_TRAINEE,SK245,2,0.003544
DEVOPS_TRAINEE,SK247,18,0.031895
DEVOPS_TRAINEE,SK248,2,0.002956
DEVOPS_TRAINEE,SK253,4,0.004056
DEVOPS_TRAINEE,SK254,7,0.005767
DEVOPS_TRAINEE,SK255,17,0.020897
DEVOPS_TRAINEE,SK257,18,0.01825
DEVOPS_TRAINEE,SK259,47,0.122006
DEVOPS_TRAINEE,SK261,27,0.017657
DEVOPS_TRAINEE,SK267,4,0.005912
DEVOPS_TRAINEE,SK268,3,0.005316
DEVOPS_TRAINEE,SK270,5,0.006146
DEVOPS_TRAINEE,SK271,128,0.029543
DEVOPS_TRAINEE,SK273,2,0.002028
DEVOPS_TRAINEE,SK274,1,0.001478
DEVOPS_TRAINEE,SK275,2,0.003544
DEVOPS_TRAINEE,SK278,2,0.002956
DEVOPS_TRAINEE,SK282,64,0.014772
DEVOPS_TRAINEE,SK284,4,0.003296
DEVOPS_TRAINEE,SK285,103,0.037071
DEVOPS_TRAINEE,SK286,2,0.003544
DEVOPS_TRAINEE,SK287,30,0.063956
DEVOPS_TRAINEE,SK288,4,0.00144
DEVOPS_TRAINEE,SK289,1,0.001229
DEVOPS_TRAINEE,SK290,3,0.004434
DEVOPS_TRAINEE,SK292,2,0.002028
DEVOPS_TRAINEE,SK294,2,0.002956
DEVOPS_TRAINEE,SK295,27,0.006232
DEVOPS_TRAINEE,SK296,2,0.002028
DEVOPS_TRAINEE,SK298,2,0.005192
INTERN_SE,SK041,1,0.0
INTERN_SE,SK057,1,0.011499
INTERN_SE,SK124,1,0.011499
INTERN_SE,SK225,2,0.0
JR_BE_DEV,SK001,136,0.07289
JR_BE_DEV,SK002,66,0.035373
JR_BE_DEV,SK003,140,0.075034
JR_BE_DEV,SK004,74,0.061845
JR_BE_DEV,SK005,23,0.026717
JR_BE_DEV,SK006,20,0.030372
JR_BE_DEV,SK007,20,0.005168
JR_BE_DEV,SK009,72,0.038589
JR_BE_DEV,SK011,30,0.034849
JR_BE_DEV,SK012,82,0.043949
JR_BE_DEV,SK013,66,0.055159
JR_BE_DEV,SK015,7,0.01648
JR_BE_DEV,SK016,56,0.030014
JR_BE_DEV,SK017,34,0.051632
JR_BE_DEV,SK018,73,0.171867
JR_BE_DEV,SK019,13,0.024872
JR_BE_DEV,SK020,40,0.021438
JR_BE_DEV,SK021,64,0.074344
JR_BE_DEV,SK022,15,0.035315
JR_BE_DEV,SK023,3,0.00574
JR_BE_DEV,SK024,30,0.025072
JR_BE_DEV,SK025,24,0.082363
JR_BE_DEV,SK026,139,0.035918
JR_BE_DEV,SK027,21,0.017551
JR_BE_DEV,SK028,54,0.013954
JR_BE_DEV,SK029,42,0.063781
JR_BE_DEV,SK030,17,0.058341
JR_BE_DEV,SK031,14,0.016263
JR_BE_DEV,SK032,17,0.014208
JR_BE_DEV,SK033,5,0.014272
JR_BE_DEV,SK034,35,0.040657
JR_BE_DEV,SK035,12,0.01394
JR_BE_DEV,SK036,34,0.139898
JR_BE_DEV,SK037,27,0.041002
JR_BE_DEV,SK038,21,0.011255
JR_BE_DEV,SK039,49,0.074411
JR_BE_DEV,SK040,19,0.022071
JR_BE_DEV,SK041,129,0.0
JR_BE_DEV,SK042,9,0.02569
JR_BE_DEV,SK043,15,0.017424
JR_BE_DEV,SK044,26,0.030202
JR_BE_DEV,SK045,12,0.006431
JR_BE_DEV,SK046,10,0.015186
JR_BE_DEV,SK047,44,0.051112
JR_BE_DEV,SK048,3,0.008563
JR_BE_DEV,SK049,21,0.017551
JR_BE_DEV,SK050,11,0.009193
JR_BE_DEV,SK051,13,0.044613
JR_BE_DEV,SK052,13,0.019742
JR_BE_DEV,SK053,14,0.048045
JR_BE_DEV,SK054,3,0.00574
JR_BE_DEV,SK055,3,0.007063
JR_BE_DEV,SK056,8,0.015306
JR_BE_DEV,SK057,15,0.003876
JR_BE_DEV,SK058,15,0.017424
JR_BE_DEV,SK059,11,0.031399
JR_BE_DEV,SK060,9,0.021189
JR_BE_DEV,SK061,4,0.006074
JR_BE_DEV,SK062,1,0.00495
JR_BE_DEV,SK063,13,0.024872
JR_BE_DEV,SK064,10,0.019132
JR_BE_DEV,SK065,6,0.024688
JR_BE_DEV,SK067,79,0.020414
JR_BE_DEV,SK068,24,0.006202
JR_BE_DEV,SK069,8,0.048223
JR_BE_DEV,SK070,3,0.00574
JR_BE_DEV,SK072,16,0.045671
JR_BE_DEV,SK073,13,0.078362
JR_BE_DEV,SK074,24,0.020058
JR_BE_DEV,SK075,19,0.044732
JR_BE_DEV,SK076,24,0.068507
JR_BE_DEV,SK078,1,0.00495
JR_BE_DEV,SK080,9,0.007522
JR_BE_DEV,SK082,17,0.025816
JR_BE_DEV,SK083,1,0.00495
JR_BE_DEV,SK084,8,0.048223
JR_BE_DEV,SK085,16,0.037669
JR_BE_DEV,SK086,1,0.003432
JR_BE_DEV,SK087,14,0.026785
JR_BE_DEV,SK088,18,0.034438
JR_BE_DEV,SK089,6,0.017127
JR_BE_DEV,SK090,1,0.002854
JR_BE_DEV,SK091,4,0.006074
JR_BE_DEV,SK092,3,0.012344
JR_BE_DEV,SK094,11,0.031399
JR_BE_DEV,SK097,20,0.030372
JR_BE_DEV,SK099,2,0.006864
JR_BE_DEV,SK100,1,0.004115
JR_BE_DEV,SK101,5,0.005808
JR_BE_DEV,SK102,44,0.01137
JR_BE_DEV,SK103,9,0.021189
JR_BE_DEV,SK105,14,0.032961
JR_BE_DEV,SK106,1,0.002354
JR_BE_DEV,SK108,4,0.011418
JR_BE_DEV,SK110,27,0.051657
JR_BE_DEV,SK111,7,0.00585
JR_BE_DEV,SK112,7,0.024023
JR_BE_DEV,SK113,2,0.006864
JR_BE_DEV,SK114,4,0.024111
JR_BE_DEV,SK117,59,0.015246
JR_BE_DEV,SK118,6,0.00697
JR_BE_DEV,SK119,2,0.012056
JR_BE_DEV,SK120,9,0.02569
JR_BE_DEV,SK121,3,0.010295
JR_BE_DEV,SK122,44,0.036773
JR_BE_DEV,SK123,2,0.006864
JR_BE_DEV,SK124,102,0.026357
JR_BE_DEV,SK125,2,0.006864
JR_BE_DEV,SK129,1,0.002854
JR_BE_DEV,SK132,3,0.003485
JR_BE_DEV,SK133,4,0.016459
JR_BE_DEV,SK134,1,0.004115
JR_BE_DEV,SK135,49,0.012662
JR_BE_DEV,SK136,3,0.00574
JR_BE_DEV,SK140,1,0.003432
JR_BE_DEV,SK141,2,0.002323
JR_BE_DEV,SK144,2,0.003826
JR_BE_DEV,SK145,1,0.00495
JR_BE_DEV,SK147,2,0.009901
JR_BE_DEV,SK148,7,0.008131
JR_BE_DEV,SK152,15,0.012536
JR_BE_DEV,SK155,8,0.012149
JR_BE_DEV,SK157,8,0.009293
JR_BE_DEV,SK159,7,0.01648
JR_BE_DEV,SK161,70,0.018088
JR_BE_DEV,SK164,3,0.007063
JR_BE_DEV,SK166,48,0.025726
JR_BE_DEV,SK167,3,0.008563
JR_BE_DEV,SK171,1,0.007546
JR_BE_DEV,SK174,1,0.002854
JR_BE_DEV,SK175,2,0.006864
JR_BE_DEV,SK176,4,0.006074
JR_BE_DEV,SK178,7,0.028803
JR_BE_DEV,SK179,4,0.011418
JR_BE_DEV,SK180,2,0.009901
JR_BE_DEV,SK181,60,0.032157
JR_BE_DEV,SK182,2,0.003826
JR_BE_DEV,SK183,1,0.00495
JR_BE_DEV,SK184,6,0.011479
JR_BE_DEV,SK185,12,0.034253
JR_BE_DEV,SK186,8,0.032917
JR_BE_DEV,SK187,2,0.004709
JR_BE_DEV,SK188,1,0.002354
JR_BE_DEV,SK189,11,0.066306
JR_BE_DEV,SK190,4,0.011418
JR_BE_DEV,SK191,1,0.00495
JR_BE_DEV,SK192,1,0.002854
JR_BE_DEV,SK193,1,0.00495
JR_BE_DEV,SK195,3,0.010295
JR_BE_DEV,SK196,1,0.002354
JR_BE_DEV,SK198,5,0.017159
JR_BE_DEV,SK200,4,0.013727
JR_BE_DEV,SK202,1,0.003432
JR_BE_DEV,SK203,2,0.009901
JR_BE_DEV,SK205,12,0.028252
JR_BE_DEV,SK206,1,0.002354
JR_BE_DEV,SK207,4,0.013727
JR_BE_DEV,SK210,1,0.006028
JR_BE_DEV,SK211,6,0.011479
JR_BE_DEV,SK212,1,0.003432
JR_BE_DEV,SK213,1,0.003432
JR_BE_DEV,SK215,4,0.013727
JR_BE_DEV,SK216,2,0.015093
JR_BE_DEV,SK218,1,0.002854
JR_BE_DEV,SK220,1,0.004115
JR_BE_DEV,SK222,3,0.030428
JR_BE_DEV,SK225,47,0.0
JR_BE_DEV,SK226,7,0.019981
JR_BE_DEV,SK227,5,0.024752
JR_BE_DEV,SK230,1,0.003432
JR_BE_DEV,SK234,4,0.007653
JR_BE_DEV,SK239,54,0.028942
JR_BE_DEV,SK240,2,0.003826
JR_BE_DEV,SK245,1,0.004115
JR_BE_DEV,SK247,1,0.004115
JR_BE_DEV,SK248,1,0.003432
JR_BE_DEV,SK252,3,0.018084
JR_BE_DEV,SK253,8,0.018835
JR_BE_DEV,SK254,2,0.003826
JR_BE_DEV,SK255,2,0.005709
JR_BE_DEV,SK256,2,0.009901
JR_BE_DEV,SK257,4,0.009417
JR_BE_DEV,SK261,10,0.015186
JR_BE_DEV,SK266,2,0.006864
JR_BE_DEV,SK267,1,0.003432
JR_BE_DEV,SK268,2,0.008229
JR_BE_DEV,SK269,3,0.012344
JR_BE_DEV,SK270,1,0.002854
JR_BE_DEV,SK271,15,0.008039
JR_BE_DEV,SK273,3,0.007063
JR_BE_DEV,SK277,1,0.002854
JR_BE_DEV,SK279,1,0.001913
JR_BE_DEV,SK282,20,0.010719
JR_BE_DEV,SK284,1,0.001913
JR_BE_DEV,SK285,78,0.065188
JR_BE_DEV,SK287,1,0.00495
JR_BE_DEV,SK289,1,0.002854
JR_BE_DEV,SK291,1,0.007546
JR_BE_DEV,SK294,3,0.010295
JR_BE_DEV,SK295,15,0.008039
JR_BE_DEV,SK299,1,0.003432
JR_BUSINESS_ANALYST,SK001,9,0.002101
JR_BUSINESS_ANALYST,SK002,2,0.000467
JR_BUSINESS_ANALYST,SK003,114,0.026613
JR_BUSINESS_ANALYST,SK004,16,0.005824
JR_BUSINESS_ANALYST,SK005,3,0.001518
JR_BUSINESS_ANALYST,SK006,9,0.005953
JR_BUSINESS_ANALYST,SK007,68,0.007653
JR_BUSINESS_ANALYST,SK009,2,0.000467
JR_BUSINESS_ANALYST,SK011,21,0.010625
JR_BUSINESS_ANALYST,SK012,51,0.011906
JR_BUSINESS_ANALYST,SK013,7,0.002548
JR_BUSINESS_ANALYST,SK015,1,0.001025
JR_BUSINESS_ANALYST,SK016,17,0.003969
JR_BUSINESS_ANALYST,SK017,9,0.005953
JR_BUSINESS_ANALYST,SK018,3,0.003076
JR_BUSINESS_ANALYST,SK019,5,0.004167
JR_BUSINESS_ANALYST,SK020,1,0.000233
JR_BUSINESS_ANALYST,SK021,9,0.004554
JR_BUSINESS_ANALYST,SK023,5,0.004167
JR_BUSINESS_ANALYST,SK024,5,0.00182
JR_BUSINESS_ANALYST,SK025,3,0.004484
JR_BUSINESS_ANALYST,SK026,77,0.008666
JR_BUSINESS_ANALYST,SK027,3,0.001092
JR_BUSINESS_ANALYST,SK028,96,0.010805
JR_BUSINESS_ANALYST,SK029,1,0.000661
JR_BUSINESS_ANALYST,SK030,1,0.001495
JR_BUSINESS_ANALYST,SK031,9,0.004554
JR_BUSINESS_ANALYST,SK032,2,0.000728
JR_BUSINESS_ANALYST,SK033,1,0.001243
JR_BUSINESS_ANALYST,SK034,1,0.000506
JR_BUSINESS_ANALYST,SK035,3,0.001518
JR_BUSINESS_ANALYST,SK037,3,0.001984
JR_BUSINESS_ANALYST,SK038,19,0.004435
JR_BUSINESS_ANALYST,SK039,2,0.001323
JR_BUSINESS_ANALYST,SK040,12,0.006072
JR_BUSINESS_ANALYST,SK041,199,0.0
JR_BUSINESS_ANALYST,SK043,13,0.006578
JR_BUSINESS_ANALYST,SK044,2,0.001012
JR_BUSINESS_ANALYST,SK045,39,0.009104
JR_BUSINESS_ANALYST,SK046,3,0.001984
JR_BUSINESS_ANALYST,SK047,1,0.000506
JR_BUSINESS_ANALYST,SK048,2,0.002487
JR_BUSINESS_ANALYST,SK049,8,0.002912
JR_BUSINESS_ANALYST,SK050,72,0.026209
JR_BUSINESS_ANALYST,SK052,9,0.005953
JR_BUSINESS_ANALYST,SK054,1,0.000833
JR_BUSINESS_ANALYST,SK055,6,0.006153
JR_BUSINESS_ANALYST,SK056,1,0.000833
JR_BUSINESS_ANALYST,SK057,10,0.001125
JR_BUSINESS_ANALYST,SK059,9,0.01119
JR_BUSINESS_ANALYST,SK060,1,0.001025
JR_BUSINESS_ANALYST,SK061,6,0.003969
JR_BUSINESS_ANALYST,SK062,1,0.002156
JR_BUSINESS_ANALYST,SK067,613,0.068993
JR_BUSINESS_ANALYST,SK068,133,0.014969
JR_BUSINESS_ANALYST,SK069,1,0.002626
JR_BUSINESS_ANALYST,SK070,4,0.003333
JR_BUSINESS_ANALYST,SK074,2,0.000728
JR_BUSINESS_ANALYST,SK075,1,0.001025
JR_BUSINESS_ANALYST,SK078,2,0.004312
JR_BUSINESS_ANALYST,SK079,1,0.002626
JR_BUSINESS_ANALYST,SK080,19,0.006916
JR_BUSINESS_ANALYST,SK082,2,0.001323
JR_BUSINESS_ANALYST,SK087,3,0.0025
JR_BUSINESS_ANALYST,SK090,1,0.001243
JR_BUSINESS_ANALYST,SK091,2,0.001323
JR_BUSINESS_ANALYST,SK095,9,0.005953
JR_BUSINESS_ANALYST,SK097,4,0.002646
JR_BUSINESS_ANALYST,SK099,4,0.005979
JR_BUSINESS_ANALYST,SK100,1,0.001792
JR_BUSINESS_ANALYST,SK101,2,0.001012
JR_BUSINESS_ANALYST,SK102,322,0.036241
JR_BUSINESS_ANALYST,SK103,2,0.002051
JR_BUSINESS_ANALYST,SK105,1,0.001025
JR_BUSINESS_ANALYST,SK106,3,0.003076
JR_BUSINESS_ANALYST,SK108,26,0.032326
JR_BUSINESS_ANALYST,SK111,64,0.023297
JR_BUSINESS_ANALYST,SK115,7,0.010463
JR_BUSINESS_ANALYST,SK117,146,0.016432
JR_BUSINESS_ANALYST,SK118,10,0.00506
JR_BUSINESS_ANALYST,SK120,1,0.001243
JR_BUSINESS_ANALYST,SK121,29,0.043348
JR_BUSINESS_ANALYST,SK122,81,0.029486
JR_BUSINESS_ANALYST,SK124,199,0.022397
JR_BUSINESS_ANALYST,SK125,1,0.001495
JR_BUSINESS_ANALYST,SK129,1,0.001243
JR_BUSINESS_ANALYST,SK130,13,0.019432
JR_BUSINESS_ANALYST,SK132,5,0.00253
JR_BUSINESS_ANALYST,SK135,166,0.018683
JR_BUSINESS_ANALYST,SK136,1,0.000833
JR_BUSINESS_ANALYST,SK141,5,0.00253
JR_BUSINESS_ANALYST,SK142,4,0.008625
JR_BUSINESS_ANALYST,SK144,1,0.000833
JR_BUSINESS_ANALYST,SK145,154,0.332056
JR_BUSINESS_ANALYST,SK147,6,0.012937
JR_BUSINESS_ANALYST,SK148,169,0.085508
JR_BUSINESS_ANALYST,SK149,1,0.001792
JR_BUSINESS_ANALYST,SK152,1,0.000364
JR_BUSINESS_ANALYST,SK153,2,0.003584
JR_BUSINESS_ANALYST,SK154,1,0.001792
JR_BUSINESS_ANALYST,SK157,16,0.008095
JR_BUSINESS_ANALYST,SK159,2,0.002051
JR_BUSINESS_ANALYST,SK161,136,0.015307
JR_BUSINESS_ANALYST,SK162,1,0.000661
JR_BUSINESS_ANALYST,SK163,1,0.002156
JR_BUSINESS_ANALYST,SK164,17,0.017433
JR_BUSINESS_ANALYST,SK166,3,0.0007
JR_BUSINESS_ANALYST,SK172,1,0.002156
JR_BUSINESS_ANALYST,SK175,1,0.001495
JR_BUSINESS_ANALYST,SK176,1,0.000661
JR_BUSINESS_ANALYST,SK177,46,0.068759
JR_BUSINESS_ANALYST,SK179,1,0.001243
JR_BUSINESS_ANALYST,SK181,8,0.001868
JR_BUSINESS_ANALYST,SK182,27,0.0225
JR_BUSINESS_ANALYST,SK184,12,0.01
JR_BUSINESS_ANALYST,SK188,16,0.016407
JR_BUSINESS_ANALYST,SK192,7,0.008703
JR_BUSINESS_ANALYST,SK194,1,0.001243
JR_BUSINESS_ANALYST,SK196,2,0.002051
JR_BUSINESS_ANALYST,SK200,7,0.010463
JR_BUSINESS_ANALYST,SK201,1,0.002626
JR_BUSINESS_ANALYST,SK202,1,0.001495
JR_BUSINESS_ANALYST,SK217,16,0.034499
JR_BUSINESS_ANALYST,SK218,2,0.002487
JR_BUSINESS_ANALYST,SK223,5,0.007474
JR_BUSINESS_ANALYST,SK224,1,0.001495
JR_BUSINESS_ANALYST,SK225,227,0.0
JR_BUSINESS_ANALYST,SK226,74,0.092004
JR_BUSINESS_ANALYST,SK228,1,0.000833
JR_BUSINESS_ANALYST,SK230,8,0.011958
JR_BUSINESS_ANALYST,SK234,4,0.003333
JR_BUSINESS_ANALYST,SK237,2,0.006574
JR_BUSINESS_ANALYST,SK239,24,0.005603
JR_BUSINESS_ANALYST,SK240,8,0.006667
JR_BUSINESS_ANALYST,SK241,75,0.196913
JR_BUSINESS_ANALYST,SK245,3,0.005377
JR_BUSINESS_ANALYST,SK249,5,0.016435
JR_BUSINESS_ANALYST,SK253,13,0.013331
JR_BUSINESS_ANALYST,SK254,13,0.010833
JR_BUSINESS_ANALYST,SK255,6,0.00746
JR_BUSINESS_ANALYST,SK257,1,0.001025
JR_BUSINESS_ANALYST,SK259,3,0.007877
JR_BUSINESS_ANALYST,SK260,1,0.002626
JR_BUSINESS_ANALYST,SK261,48,0.031749
JR_BUSINESS_ANALYST,SK263,65,0.287151
JR_BUSINESS_ANALYST,SK266,77,0.115097
JR_BUSINESS_ANALYST,SK270,19,0.023623
JR_BUSINESS_ANALYST,SK271,9,0.002101
JR_BUSINESS_ANALYST,SK273,17,0.017433
JR_BUSINESS_ANALYST,SK274,1,0.001495
JR_BUSINESS_ANALYST,SK275,1,0.001792
JR_BUSINESS_ANALYST,SK277,11,0.013676
JR_BUSINESS_ANALYST,SK279,7,0.005833
JR_BUSINESS_ANALYST,SK282,115,0.026846
JR_BUSINESS_ANALYST,SK284,63,0.052499
JR_BUSINESS_ANALYST,SK285,13,0.004732
JR_BUSINESS_ANALYST,SK286,4,0.007169
JR_BUSINESS_ANALYST,SK288,2,0.000728
JR_BUSINESS_ANALYST,SK290,1,0.001495
JR_BUSINESS_ANALYST,SK292,2,0.002051
JR_BUSINESS_ANALYST,SK295,1,0.000233
JR_BUSINESS_ANALYST,SK296,80,0.082037
JR_BUSINESS_ANALYST,SK298,16,0.042008
JR_BUSINESS_ANALYST,SK299,8,0.011958
JR_FE_DEV,SK001,13,0.011343
JR_FE_DEV,SK002,135,0.117796
JR_FE_DEV,SK003,17,0.014834
JR_FE_DEV,SK004,6,0.008164
JR_FE_DEV,SK005,86,0.162642
JR_FE_DEV,SK006,66,0.163175
JR_FE_DEV,SK007,30,0.012621
JR_FE_DEV,SK009,40,0.034903
JR_FE_DEV,SK011,7,0.013238
JR_FE_DEV,SK012,9,0.007853
JR_FE_DEV,SK013,24,0.032655
JR_FE_DEV,SK015,41,0.157152
JR_FE_DEV,SK016,9,0.007853
JR_FE_DEV,SK017,13,0.032141
JR_FE_DEV,SK018,1,0.003833
JR_FE_DEV,SK019,20,0.062296
JR_FE_DEV,SK020,3,0.002618
JR_FE_DEV,SK021,25,0.04728
JR_FE_DEV,SK022,50,0.191649
JR_FE_DEV,SK023,4,0.012459
JR_FE_DEV,SK024,2,0.002721
JR_FE_DEV,SK026,127,0.053427
JR_FE_DEV,SK027,35,0.047622
JR_FE_DEV,SK028,19,0.007993
JR_FE_DEV,SK029,11,0.027196
JR_FE_DEV,SK031,1,0.001891
JR_FE_DEV,SK032,2,0.002721
JR_FE_DEV,SK033,17,0.079002
JR_FE_DEV,SK034,2,0.003782
JR_FE_DEV,SK035,3,0.005674
JR_FE_DEV,SK037,13,0.032141
JR_FE_DEV,SK038,14,0.012216
JR_FE_DEV,SK039,4,0.009889
JR_FE_DEV,SK040,5,0.009456
JR_FE_DEV,SK041,43,0.0
JR_FE_DEV,SK042,24,0.111533
JR_FE_DEV,SK043,2,0.003782
JR_FE_DEV,SK044,3,0.005674
JR_FE_DEV,SK045,9,0.007853
JR_FE_DEV,SK046,1,0.002472
JR_FE_DEV,SK047,6,0.011347
JR_FE_DEV,SK048,6,0.027883
JR_FE_DEV,SK049,4,0.005443
JR_FE_DEV,SK050,2,0.002721
JR_FE_DEV,SK052,6,0.014834
JR_FE_DEV,SK053,3,0.016761
JR_FE_DEV,SK054,6,0.018689
JR_FE_DEV,SK055,8,0.030664
JR_FE_DEV,SK056,11,0.034263
JR_FE_DEV,SK057,3,0.001262
JR_FE_DEV,SK058,2,0.003782
JR_FE_DEV,SK059,5,0.023236
JR_FE_DEV,SK063,2,0.00623
JR_FE_DEV,SK065,23,0.154074
JR_FE_DEV,SK067,30,0.012621
JR_FE_DEV,SK068,7,0.002945
JR_FE_DEV,SK070,8,0.024918
JR_FE_DEV,SK074,7,0.009524
JR_FE_DEV,SK076,2,0.009294
JR_FE_DEV,SK080,4,0.005443
JR_FE_DEV,SK081,1,0.009814
JR_FE_DEV,SK082,7,0.017306
JR_FE_DEV,SK086,1,0.005587
JR_FE_DEV,SK089,1,0.004647
JR_FE_DEV,SK091,1,0.002472
JR_FE_DEV,SK092,3,0.020097
JR_FE_DEV,SK094,2,0.009294
JR_FE_DEV,SK097,4,0.009889
JR_FE_DEV,SK098,4,0.032238
JR_FE_DEV,SK099,3,0.016761
JR_FE_DEV,SK101,2,0.003782
JR_FE_DEV,SK102,28,0.011779
JR_FE_DEV,SK103,2,0.007666
JR_FE_DEV,SK104,1,0.008059
JR_FE_DEV,SK109,3,0.024178
JR_FE_DEV,SK110,4,0.012459
JR_FE_DEV,SK111,11,0.014967
JR_FE_DEV,SK113,31,0.173201
JR_FE_DEV,SK117,6,0.002524
JR_FE_DEV,SK118,2,0.003782
JR_FE_DEV,SK122,16,0.02177
JR_FE_DEV,SK124,21,0.008834
JR_FE_DEV,SK125,1,0.005587
JR_FE_DEV,SK134,3,0.020097
JR_FE_DEV,SK135,36,0.015145
JR_FE_DEV,SK141,2,0.003782
JR_FE_DEV,SK144,1,0.003115
JR_FE_DEV,SK148,9,0.017021
JR_FE_DEV,SK149,1,0.006699
JR_FE_DEV,SK152,2,0.002721
JR_FE_DEV,SK155,1,0.002472
JR_FE_DEV,SK157,5,0.009456
JR_FE_DEV,SK158,1,0.009814
JR_FE_DEV,SK161,18,0.007572
JR_FE_DEV,SK162,1,0.002472
JR_FE_DEV,SK166,21,0.018324
JR_FE_DEV,SK174,1,0.004647
JR_FE_DEV,SK176,1,0.002472
JR_FE_DEV,SK179,1,0.004647
JR_FE_DEV,SK180,4,0.032238
JR_FE_DEV,SK181,11,0.009598
JR_FE_DEV,SK184,3,0.009344
JR_FE_DEV,SK190,3,0.013942
JR_FE_DEV,SK194,1,0.004647
JR_FE_DEV,SK198,1,0.005587
JR_FE_DEV,SK199,1,0.009814
JR_FE_DEV,SK204,1,0.009814
JR_FE_DEV,SK205,5,0.019165
JR_FE_DEV,SK211,1,0.003115
JR_FE_DEV,SK213,4,0.022349
JR_FE_DEV,SK215,1,0.005587
JR_FE_DEV,SK224,4,0.022349
JR_FE_DEV,SK225,31,0.0
JR_FE_DEV,SK228,2,0.00623
JR_FE_DEV,SK230,1,0.005587
JR_FE_DEV,SK233,2,0.019627
JR_FE_DEV,SK239,15,0.013088
JR_FE_DEV,SK247,1,0.006699
JR_FE_DEV,SK248,3,0.016761
JR_FE_DEV,SK254,2,0.00623
JR_FE_DEV,SK255,3,0.013942
JR_FE_DEV,SK256,1,0.008059
JR_FE_DEV,SK258,2,0.016119
JR_FE_DEV,SK261,1,0.002472
JR_FE_DEV,SK268,2,0.013398
JR_FE_DEV,SK269,1,0.006699
JR_FE_DEV,SK271,16,0.013961
JR_FE_DEV,SK273,1,0.003833
JR_FE_DEV,SK279,3,0.009344
JR_FE_DEV,SK282,6,0.005235
JR_FE_DEV,SK285,12,0.016328
JR_FE_DEV,SK288,5,0.006803
JR_FE_DEV,SK289,1,0.004647
JR_FE_DEV,SK295,2,0.001745
JR_FE_DEV,SK296,1,0.003833
JR_FS_DEV,SK001,201,0.073003
JR_FS_DEV,SK002,249,0.090437
JR_FS_DEV,SK003,260,0.094432
JR_FS_DEV,SK004,114,0.064564
JR_FS_DEV,SK005,208,0.163737
JR_FS_DEV,SK006,209,0.215082
JR_FS_DEV,SK007,66,0.011557
JR_FS_DEV,SK009,80,0.029056
JR_FS_DEV,SK011,30,0.023616
JR_FS_DEV,SK012,102,0.037046
JR_FS_DEV,SK013,97,0.054936
JR_FS_DEV,SK015,99,0.15795
JR_FS_DEV,SK016,59,0.021429
JR_FS_DEV,SK017,87,0.089532
JR_FS_DEV,SK018,77,0.12285
JR_FS_DEV,SK019,36,0.046674
JR_FS_DEV,SK020,36,0.013075
JR_FS_DEV,SK021,135,0.106271
JR_FS_DEV,SK022,53,0.084559
JR_FS_DEV,SK023,38,0.049267
JR_FS_DEV,SK024,31,0.017557
JR_FS_DEV,SK025,30,0.069768
JR_FS_DEV,SK026,266,0.046579
JR_FS_DEV,SK027,43,0.024353
JR_FS_DEV,SK028,50,0.008755
JR_FS_DEV,SK029,35,0.036018
JR_FS_DEV,SK030,8,0.018605
JR_FS_DEV,SK031,10,0.007872
JR_FS_DEV,SK032,36,0.020389
JR_FS_DEV,SK033,34,0.065768
JR_FS_DEV,SK034,17,0.013382
JR_FS_DEV,SK035,17,0.013382
JR_FS_DEV,SK036,43,0.119899
JR_FS_DEV,SK037,60,0.061746
JR_FS_DEV,SK038,26,0.009443
JR_FS_DEV,SK039,51,0.052484
JR_FS_DEV,SK040,16,0.012595
JR_FS_DEV,SK041,142,0.0
JR_FS_DEV,SK042,108,0.208911
JR_FS_DEV,SK043,8,0.006298
JR_FS_DEV,SK044,24,0.018893
JR_FS_DEV,SK045,21,0.007627
JR_FS_DEV,SK046,21,0.021611
JR_FS_DEV,SK047,86,0.067699
JR_FS_DEV,SK048,8,0.015475
JR_FS_DEV,SK049,69,0.039078
JR_FS_DEV,SK050,11,0.00623
JR_FS_DEV,SK051,16,0.03721
JR_FS_DEV,SK052,39,0.040135
JR_FS_DEV,SK053,15,0.034884
JR_FS_DEV,SK054,5,0.006483
JR_FS_DEV,SK056,18,0.023337
JR_FS_DEV,SK057,4,0.0007
JR_FS_DEV,SK058,34,0.026765
JR_FS_DEV,SK059,14,0.027081
JR_FS_DEV,SK061,15,0.015436
JR_FS_DEV,SK063,16,0.020744
JR_FS_DEV,SK064,4,0.005186
JR_FS_DEV,SK065,23,0.064132
JR_FS_DEV,SK067,96,0.01681
JR_FS_DEV,SK068,23,0.004028
JR_FS_DEV,SK070,3,0.00389
JR_FS_DEV,SK072,20,0.038687
JR_FS_DEV,SK073,12,0.049018
JR_FS_DEV,SK074,1,0.000566
JR_FS_DEV,SK075,5,0.007977
JR_FS_DEV,SK076,73,0.141209
JR_FS_DEV,SK079,8,0.032679
JR_FS_DEV,SK080,13,0.007363
JR_FS_DEV,SK082,22,0.02264
JR_FS_DEV,SK083,2,0.006709
JR_FS_DEV,SK084,12,0.049018
JR_FS_DEV,SK086,4,0.009302
JR_FS_DEV,SK087,2,0.002593
JR_FS_DEV,SK088,8,0.010372
JR_FS_DEV,SK089,12,0.023212
JR_FS_DEV,SK090,4,0.007737
JR_FS_DEV,SK091,2,0.002058
JR_FS_DEV,SK092,49,0.136629
JR_FS_DEV,SK094,18,0.034819
JR_FS_DEV,SK097,17,0.017495
JR_FS_DEV,SK098,4,0.013419
JR_FS_DEV,SK099,3,0.006977
JR_FS_DEV,SK101,4,0.003149
JR_FS_DEV,SK102,71,0.012433
JR_FS_DEV,SK103,38,0.060627
JR_FS_DEV,SK104,2,0.006709
JR_FS_DEV,SK105,4,0.006382
JR_FS_DEV,SK109,4,0.013419
JR_FS_DEV,SK110,13,0.016855
JR_FS_DEV,SK111,2,0.001133
JR_FS_DEV,SK112,8,0.018605
JR_FS_DEV,SK113,12,0.027907
JR_FS_DEV,SK117,49,0.00858
JR_FS_DEV,SK119,8,0.032679
JR_FS_DEV,SK120,8,0.015475
JR_FS_DEV,SK122,62,0.035114
JR_FS_DEV,SK124,134,0.023465
JR_FS_DEV,SK125,2,0.004651
JR_FS_DEV,SK130,8,0.018605
JR_FS_DEV,SK132,3,0.002362
JR_FS_DEV,SK134,2,0.005577
JR_FS_DEV,SK135,74,0.012958
JR_FS_DEV,SK136,3,0.00389
JR_FS_DEV,SK140,4,0.009302
JR_FS_DEV,SK141,4,0.003149
JR_FS_DEV,SK142,1,0.003355
JR_FS_DEV,SK144,9,0.011669
JR_FS_DEV,SK147,8,0.026838
JR_FS_DEV,SK148,18,0.01417
JR_FS_DEV,SK150,7,0.013541
JR_FS_DEV,SK152,49,0.027751
JR_FS_DEV,SK154,5,0.013942
JR_FS_DEV,SK155,13,0.013378
JR_FS_DEV,SK157,14,0.011021
JR_FS_DEV,SK159,2,0.003191
JR_FS_DEV,SK161,67,0.011732
JR_FS_DEV,SK162,1,0.001029
JR_FS_DEV,SK164,3,0.004786
JR_FS_DEV,SK166,47,0.01707
JR_FS_DEV,SK176,8,0.008233
JR_FS_DEV,SK178,15,0.041825
JR_FS_DEV,SK179,4,0.007737
JR_FS_DEV,SK181,50,0.01816
JR_FS_DEV,SK182,7,0.009076
JR_FS_DEV,SK183,16,0.053675
JR_FS_DEV,SK184,8,0.010372
JR_FS_DEV,SK185,1,0.001934
JR_FS_DEV,SK186,4,0.011153
JR_FS_DEV,SK187,4,0.006382
JR_FS_DEV,SK189,4,0.016339
JR_FS_DEV,SK190,5,0.009672
JR_FS_DEV,SK191,12,0.040257
JR_FS_DEV,SK193,5,0.016774
JR_FS_DEV,SK195,1,0.002326
JR_FS_DEV,SK198,22,0.051163
JR_FS_DEV,SK203,4,0.013419
JR_FS_DEV,SK205,16,0.025527
JR_FS_DEV,SK206,5,0.007977
JR_FS_DEV,SK207,8,0.018605
JR_FS_DEV,SK210,1,0.004085
JR_FS_DEV,SK213,3,0.006977
JR_FS_DEV,SK215,4,0.009302
JR_FS_DEV,SK217,4,0.013419
JR_FS_DEV,SK218,8,0.015475
JR_FS_DEV,SK220,8,0.022307
JR_FS_DEV,SK223,1,0.002326
JR_FS_DEV,SK225,92,0.0
JR_FS_DEV,SK229,2,0.010228
JR_FS_DEV,SK234,4,0.005186
JR_FS_DEV,SK238,2,0.006709
JR_FS_DEV,SK239,42,0.015254
JR_FS_DEV,SK246,5,0.016774
JR_FS_DEV,SK247,7,0.019518
JR_FS_DEV,SK248,4,0.009302
JR_FS_DEV,SK249,1,0.005114
JR_FS_DEV,SK251,6,0.024509
JR_FS_DEV,SK261,9,0.009262
JR_FS_DEV,SK262,4,0.016339
JR_FS_DEV,SK264,4,0.016339
JR_FS_DEV,SK266,3,0.006977
JR_FS_DEV,SK267,8,0.018605
JR_FS_DEV,SK269,12,0.03346
JR_FS_DEV,SK271,35,0.012712
JR_FS_DEV,SK277,8,0.015475
JR_FS_DEV,SK278,2,0.004651
JR_FS_DEV,SK279,2,0.002593
JR_FS_DEV,SK282,38,0.013802
JR_FS_DEV,SK284,4,0.005186
JR_FS_DEV,SK285,87,0.049273
JR_FS_DEV,SK286,2,0.005577
JR_FS_DEV,SK288,9,0.005097
JR_FS_DEV,SK289,4,0.007737
JR_FS_DEV,SK294,11,0.025582
JR_FS_DEV,SK295,11,0.003995
JR_IT_SUPPORT,SK001,1,0.003252
JR_IT_SUPPORT,SK002,1,0.003252
JR_IT_SUPPORT,SK003,2,0.006505
JR_IT_SUPPORT,SK005,2,0.014098
JR_IT_SUPPORT,SK007,3,0.004704
JR_IT_SUPPORT,SK009,4,0.013009
JR_IT_SUPPORT,SK012,2,0.006505
JR_IT_SUPPORT,SK016,4,0.013009
JR_IT_SUPPORT,SK020,5,0.016261
JR_IT_SUPPORT,SK022,1,0.014287
JR_IT_SUPPORT,SK024,1,0.005071
JR_IT_SUPPORT,SK026,5,0.00784
JR_IT_SUPPORT,SK028,2,0.003136
JR_IT_SUPPORT,SK032,1,0.005071
JR_IT_SUPPORT,SK035,1,0.007049
JR_IT_SUPPORT,SK037,3,0.027645
JR_IT_SUPPORT,SK041,5,0.0
JR_IT_SUPPORT,SK045,1,0.003252
JR_IT_SUPPORT,SK049,1,0.005071
JR_IT_SUPPORT,SK053,3,0.062474
JR_IT_SUPPORT,SK057,3,0.004704
JR_IT_SUPPORT,SK058,1,0.007049
JR_IT_SUPPORT,SK061,4,0.03686
JR_IT_SUPPORT,SK064,1,0.01161
JR_IT_SUPPORT,SK067,5,0.00784
JR_IT_SUPPORT,SK068,3,0.004704
JR_IT_SUPPORT,SK085,1,0.014287
JR_IT_SUPPORT,SK088,1,0.01161
JR_IT_SUPPORT,SK093,1,0.03004
JR_IT_SUPPORT,SK095,2,0.01843
JR_IT_SUPPORT,SK101,7,0.049343
JR_IT_SUPPORT,SK102,3,0.004704
JR_IT_SUPPORT,SK110,3,0.034829
JR_IT_SUPPORT,SK111,1,0.005071
JR_IT_SUPPORT,SK113,1,0.020825
JR_IT_SUPPORT,SK117,7,0.010976
JR_IT_SUPPORT,SK122,2,0.010143
JR_IT_SUPPORT,SK126,1,0.036578
JR_IT_SUPPORT,SK132,6,0.042294
JR_IT_SUPPORT,SK135,3,0.004704
JR_IT_SUPPORT,SK150,1,0.017321
JR_IT_SUPPORT,SK160,1,0.036578
JR_IT_SUPPORT,SK161,3,0.004704
JR_IT_SUPPORT,SK162,2,0.01843
JR_IT_SUPPORT,SK166,1,0.003252
JR_IT_SUPPORT,SK181,1,0.003252
JR_IT_SUPPORT,SK194,1,0.017321
JR_IT_SUPPORT,SK201,1,0.036578
JR_IT_SUPPORT,SK213,1,0.020825
JR_IT_SUPPORT,SK223,5,0.104124
JR_IT_SUPPORT,SK225,34,0.0
JR_IT_SUPPORT,SK228,1,0.01161
JR_IT_SUPPORT,SK240,3,0.034829
JR_IT_SUPPORT,SK261,2,0.01843
JR_IT_SUPPORT,SK271,24,0.078055
JR_IT_SUPPORT,SK288,3,0.015214
JR_IT_SUPPORT,SK292,1,0.014287
JR_MOBILE_DEV,SK001,421,0.045468
JR_MOBILE_DEV,SK002,90,0.00972
JR_MOBILE_DEV,SK003,148,0.015984
JR_MOBILE_DEV,SK004,16,0.002695
JR_MOBILE_DEV,SK005,39,0.009129
JR_MOBILE_DEV,SK006,40,0.01224
JR_MOBILE_DEV,SK007,852,0.044364
JR_MOBILE_DEV,SK009,257,0.027756
JR_MOBILE_DEV,SK011,67,0.015683
JR_MOBILE_DEV,SK012,154,0.016632
JR_MOBILE_DEV,SK013,290,0.048839
JR_MOBILE_DEV,SK015,46,0.021823
JR_MOBILE_DEV,SK016,88,0.009504
JR_MOBILE_DEV,SK017,26,0.007956
JR_MOBILE_DEV,SK018,5,0.002372
JR_MOBILE_DEV,SK019,320,0.123369
JR_MOBILE_DEV,SK020,33,0.003564
JR_MOBILE_DEV,SK021,193,0.045177
JR_MOBILE_DEV,SK022,37,0.017554
JR_MOBILE_DEV,SK023,262,0.101009
JR_MOBILE_DEV,SK024,14,0.002358
JR_MOBILE_DEV,SK025,1,0.000692
JR_MOBILE_DEV,SK026,403,0.020984
JR_MOBILE_DEV,SK027,145,0.024419
JR_MOBILE_DEV,SK028,171,0.008904
JR_MOBILE_DEV,SK029,2,0.000612
JR_MOBILE_DEV,SK030,16,0.011065
JR_MOBILE_DEV,SK031,7,0.001639
JR_MOBILE_DEV,SK032,3,0.000505
JR_MOBILE_DEV,SK033,18,0.010354
JR_MOBILE_DEV,SK034,66,0.015449
JR_MOBILE_DEV,SK035,244,0.057115
JR_MOBILE_DEV,SK037,104,0.031825
JR_MOBILE_DEV,SK038,54,0.005832
JR_MOBILE_DEV,SK039,10,0.00306
JR_MOBILE_DEV,SK040,41,0.009597
JR_MOBILE_DEV,SK041,459,0.0
JR_MOBILE_DEV,SK042,6,0.003451
JR_MOBILE_DEV,SK043,5,0.00117
JR_MOBILE_DEV,SK044,83,0.019429
JR_MOBILE_DEV,SK045,34,0.003672
JR_MOBILE_DEV,SK046,94,0.028765
JR_MOBILE_DEV,SK047,5,0.00117
JR_MOBILE_DEV,SK048,7,0.004026
JR_MOBILE_DEV,SK049,11,0.001853
JR_MOBILE_DEV,SK050,27,0.004547
JR_MOBILE_DEV,SK051,8,0.005532
JR_MOBILE_DEV,SK052,15,0.00459
JR_MOBILE_DEV,SK053,5,0.003458
JR_MOBILE_DEV,SK054,96,0.037011
JR_MOBILE_DEV,SK055,788,0.373844
JR_MOBILE_DEV,SK056,109,0.042023
JR_MOBILE_DEV,SK057,51,0.002656
JR_MOBILE_DEV,SK058,4,0.000936
JR_MOBILE_DEV,SK059,113,0.064998
JR_MOBILE_DEV,SK060,5,0.002372
JR_MOBILE_DEV,SK061,14,0.004284
JR_MOBILE_DEV,SK063,36,0.013879
JR_MOBILE_DEV,SK064,2,0.000771
JR_MOBILE_DEV,SK065,12,0.00995
JR_MOBILE_DEV,SK067,132,0.006873
JR_MOBILE_DEV,SK068,24,0.00125
JR_MOBILE_DEV,SK070,660,0.254449
JR_MOBILE_DEV,SK072,8,0.004602
JR_MOBILE_DEV,SK074,31,0.005221
JR_MOBILE_DEV,SK075,15,0.007116
JR_MOBILE_DEV,SK076,3,0.001726
JR_MOBILE_DEV,SK078,438,0.436928
JR_MOBILE_DEV,SK080,29,0.004884
JR_MOBILE_DEV,SK081,159,0.193133
JR_MOBILE_DEV,SK082,32,0.009792
JR_MOBILE_DEV,SK083,109,0.108733
JR_MOBILE_DEV,SK085,1,0.000474
JR_MOBILE_DEV,SK086,60,0.041492
JR_MOBILE_DEV,SK087,38,0.01465
JR_MOBILE_DEV,SK088,3,0.001157
JR_MOBILE_DEV,SK089,30,0.017256
JR_MOBILE_DEV,SK090,1,0.000575
JR_MOBILE_DEV,SK091,3,0.000918
JR_MOBILE_DEV,SK092,4,0.003317
JR_MOBILE_DEV,SK094,30,0.017256
JR_MOBILE_DEV,SK095,20,0.00612
JR_MOBILE_DEV,SK097,19,0.005814
JR_MOBILE_DEV,SK098,136,0.135667
JR_MOBILE_DEV,SK099,3,0.002075
JR_MOBILE_DEV,SK100,88,0.072964
JR_MOBILE_DEV,SK101,1,0.000234
JR_MOBILE_DEV,SK102,172,0.008956
JR_MOBILE_DEV,SK103,6,0.002847
JR_MOBILE_DEV,SK104,3,0.002993
JR_MOBILE_DEV,SK105,2,0.000949
JR_MOBILE_DEV,SK106,2,0.000949
JR_MOBILE_DEV,SK108,6,0.003451
JR_MOBILE_DEV,SK109,186,0.185545
JR_MOBILE_DEV,SK110,4,0.001542
JR_MOBILE_DEV,SK111,5,0.000842
JR_MOBILE_DEV,SK113,2,0.001383
JR_MOBILE_DEV,SK114,24,0.029152
JR_MOBILE_DEV,SK115,2,0.001383
JR_MOBILE_DEV,SK116,215,0.326947
JR_MOBILE_DEV,SK117,94,0.004895
JR_MOBILE_DEV,SK118,2,0.000468
JR_MOBILE_DEV,SK120,48,0.02761
JR_MOBILE_DEV,SK121,1,0.000692
JR_MOBILE_DEV,SK122,196,0.033008
JR_MOBILE_DEV,SK123,11,0.007607
JR_MOBILE_DEV,SK124,364,0.018954
JR_MOBILE_DEV,SK130,7,0.004841
JR_MOBILE_DEV,SK131,2,0.003041
JR_MOBILE_DEV,SK132,30,0.007022
JR_MOBILE_DEV,SK133,64,0.053065
JR_MOBILE_DEV,SK134,112,0.092864
JR_MOBILE_DEV,SK135,166,0.008644
JR_MOBILE_DEV,SK136,7,0.002699
JR_MOBILE_DEV,SK140,15,0.010373
JR_MOBILE_DEV,SK141,11,0.002575
JR_MOBILE_DEV,SK142,246,0.245398
JR_MOBILE_DEV,SK143,163,0.247871
JR_MOBILE_DEV,SK144,2,0.000771
JR_MOBILE_DEV,SK146,352,0.53528
JR_MOBILE_DEV,SK148,41,0.009597
JR_MOBILE_DEV,SK151,163,0.247871
JR_MOBILE_DEV,SK152,108,0.018188
JR_MOBILE_DEV,SK154,9,0.007462
JR_MOBILE_DEV,SK155,22,0.006732
JR_MOBILE_DEV,SK157,149,0.034878
JR_MOBILE_DEV,SK158,72,0.087456
JR_MOBILE_DEV,SK159,7,0.003321
JR_MOBILE_DEV,SK161,161,0.008383
JR_MOBILE_DEV,SK162,2,0.000612
JR_MOBILE_DEV,SK164,2,0.000949
JR_MOBILE_DEV,SK166,114,0.012312
JR_MOBILE_DEV,SK174,2,0.00115
JR_MOBILE_DEV,SK175,2,0.001383
JR_MOBILE_DEV,SK176,10,0.00306
JR_MOBILE_DEV,SK178,2,0.001658
JR_MOBILE_DEV,SK179,2,0.00115
JR_MOBILE_DEV,SK180,140,0.139657
JR_MOBILE_DEV,SK181,9,0.000972
JR_MOBILE_DEV,SK182,9,0.00347
JR_MOBILE_DEV,SK184,35,0.013494
JR_MOBILE_DEV,SK185,3,0.001726
JR_MOBILE_DEV,SK186,11,0.009121
JR_MOBILE_DEV,SK187,17,0.008065
JR_MOBILE_DEV,SK188,8,0.003795
JR_MOBILE_DEV,SK190,7,0.004026
JR_MOBILE_DEV,SK195,9,0.006224
JR_MOBILE_DEV,SK196,1,0.000474
JR_MOBILE_DEV,SK198,2,0.001383
JR_MOBILE_DEV,SK199,33,0.040084
JR_MOBILE_DEV,SK203,4,0.00399
JR_MOBILE_DEV,SK204,77,0.09353
JR_MOBILE_DEV,SK205,102,0.048391
JR_MOBILE_DEV,SK206,1,0.000474
JR_MOBILE_DEV,SK207,3,0.002075
JR_MOBILE_DEV,SK211,8,0.003084
JR_MOBILE_DEV,SK212,2,0.001383
JR_MOBILE_DEV,SK213,1,0.000692
JR_MOBILE_DEV,SK215,54,0.037343
JR_MOBILE_DEV,SK218,7,0.004026
JR_MOBILE_DEV,SK225,139,0.0
JR_MOBILE_DEV,SK226,4,0.002301
JR_MOBILE_DEV,SK228,8,0.003084
JR_MOBILE_DEV,SK231,93,0.190074
JR_MOBILE_DEV,SK234,26,0.010024
JR_MOBILE_DEV,SK237,75,0.114051
JR_MOBILE_DEV,SK238,6,0.005985
JR_MOBILE_DEV,SK239,133,0.014364
JR_MOBILE_DEV,SK240,2,0.000771
JR_MOBILE_DEV,SK241,1,0.001215
JR_MOBILE_DEV,SK243,325,0.494221
JR_MOBILE_DEV,SK244,3,0.002993
JR_MOBILE_DEV,SK245,4,0.003317
JR_MOBILE_DEV,SK246,5,0.004988
JR_MOBILE_DEV,SK248,2,0.001383
JR_MOBILE_DEV,SK251,1,0.001215
JR_MOBILE_DEV,SK252,4,0.004859
JR_MOBILE_DEV,SK253,1,0.000474
JR_MOBILE_DEV,SK254,3,0.001157
JR_MOBILE_DEV,SK255,4,0.002301
JR_MOBILE_DEV,SK256,20,0.019951
JR_MOBILE_DEV,SK257,1,0.000474
JR_MOBILE_DEV,SK258,54,0.053868
JR_MOBILE_DEV,SK261,14,0.004284
JR_MOBILE_DEV,SK262,5,0.006073
JR_MOBILE_DEV,SK264,4,0.004859
JR_MOBILE_DEV,SK266,12,0.008298
JR_MOBILE_DEV,SK271,24,0.002592
JR_MOBILE_DEV,SK275,2,0.001658
JR_MOBILE_DEV,SK278,2,0.001383
JR_MOBILE_DEV,SK279,168,0.064769
JR_MOBILE_DEV,SK282,51,0.005508
JR_MOBILE_DEV,SK284,2,0.000771
JR_MOBILE_DEV,SK285,294,0.049513
JR_MOBILE_DEV,SK288,3,0.000505
JR_MOBILE_DEV,SK289,27,0.01553
JR_MOBILE_DEV,SK292,1,0.000474
JR_MOBILE_DEV,SK294,2,0.001383
JR_MOBILE_DEV,SK295,26,0.002808
JR_MOBILE_DEV,SK296,4,0.001898
JR_MOBILE_DEV,SK298,2,0.002429
JR_MOBILE_DEV,SK299,10,0.006915
JR_QA_ENG,SK001,8,0.024358
JR_QA_ENG,SK002,2,0.006089
JR_QA_ENG,SK003,9,0.027402
JR_QA_ENG,SK004,5,0.023739
JR_QA_ENG,SK007,12,0.017615
JR_QA_ENG,SK009,3,0.009134
JR_QA_ENG,SK012,3,0.009134
JR_QA_ENG,SK013,3,0.014243
JR_QA_ENG,SK016,6,0.018268
JR_QA_ENG,SK019,1,0.010869
JR_QA_ENG,SK020,2,0.006089
JR_QA_ENG,SK021,14,0.092387
JR_QA_ENG,SK026,18,0.026423
JR_QA_ENG,SK027,3,0.014243
JR_QA_ENG,SK028,10,0.014679
JR_QA_ENG,SK029,1,0.008627
JR_QA_ENG,SK034,1,0.006599
JR_QA_ENG,SK038,2,0.006089
JR_QA_ENG,SK040,2,0.013198
JR_QA_ENG,SK041,41,0.0
JR_QA_ENG,SK044,1,0.006599
JR_QA_ENG,SK045,1,0.003045
JR_QA_ENG,SK046,1,0.008627
JR_QA_ENG,SK049,1,0.004748
JR_QA_ENG,SK050,2,0.009495
JR_QA_ENG,SK055,1,0.013375
JR_QA_ENG,SK057,5,0.00734
JR_QA_ENG,SK061,2,0.017254
JR_QA_ENG,SK067,13,0.019083
JR_QA_ENG,SK068,3,0.004404
JR_QA_ENG,SK070,1,0.010869
JR_QA_ENG,SK072,1,0.016216
JR_QA_ENG,SK074,1,0.004748
JR_QA_ENG,SK080,2,0.009495
JR_QA_ENG,SK082,1,0.008627
JR_QA_ENG,SK095,3,0.025881
JR_QA_ENG,SK102,16,0.023487
JR_QA_ENG,SK111,3,0.014243
JR_QA_ENG,SK117,15,0.022019
JR_QA_ENG,SK118,1,0.006599
JR_QA_ENG,SK122,13,0.061721
JR_QA_ENG,SK123,1,0.019496
JR_QA_ENG,SK124,11,0.016147
JR_QA_ENG,SK135,37,0.054314
JR_QA_ENG,SK141,1,0.006599
JR_QA_ENG,SK152,2,0.009495
JR_QA_ENG,SK157,2,0.013198
JR_QA_ENG,SK161,17,0.024955
JR_QA_ENG,SK162,1,0.008627
JR_QA_ENG,SK166,3,0.009134
JR_QA_ENG,SK178,1,0.023375
JR_QA_ENG,SK181,1,0.003045
JR_QA_ENG,SK187,1,0.013375
JR_QA_ENG,SK200,2,0.038991
JR_QA_ENG,SK206,2,0.026749
JR_QA_ENG,SK211,2,0.021737
JR_QA_ENG,SK225,21,0.0
JR_QA_ENG,SK239,7,0.021313
JR_QA_ENG,SK258,1,0.028122
JR_QA_ENG,SK261,6,0.051762
JR_QA_ENG,SK266,1,0.019496
JR_QA_ENG,SK271,3,0.009134
JR_QA_ENG,SK279,2,0.021737
JR_QA_ENG,SK282,3,0.009134
JR_QA_ENG,SK284,2,0.021737
JR_QA_ENG,SK285,8,0.037982
JR_QA_ENG,SK286,13,0.303871
JR_QA_ENG,SK288,2,0.009495
JR_QA_ENG,SK289,1,0.016216
JR_QA_ENG,SK295,2,0.006089
JR_SE,SK001,296,0.057086
JR_SE,SK002,198,0.038186
JR_SE,SK003,246,0.047443
JR_SE,SK004,210,0.063154
JR_SE,SK005,86,0.035948
JR_SE,SK006,82,0.044809
JR_SE,SK007,126,0.011716
JR_SE,SK009,119,0.02295
JR_SE,SK011,98,0.040964
JR_SE,SK012,124,0.023914
JR_SE,SK013,114,0.034284
JR_SE,SK015,78,0.06608
JR_SE,SK016,124,0.023914
JR_SE,SK017,49,0.026776
JR_SE,SK018,76,0.064386
JR_SE,SK019,42,0.028915
JR_SE,SK020,122,0.023529
JR_SE,SK021,117,0.048906
JR_SE,SK022,52,0.044053
JR_SE,SK023,56,0.038553
JR_SE,SK024,66,0.019848
JR_SE,SK025,33,0.040751
JR_SE,SK026,241,0.022409
JR_SE,SK027,108,0.032479
JR_SE,SK028,126,0.011716
JR_SE,SK029,84,0.045902
JR_SE,SK030,33,0.040751
JR_SE,SK031,126,0.052668
JR_SE,SK032,48,0.014435
JR_SE,SK033,23,0.023624
JR_SE,SK034,92,0.038456
JR_SE,SK035,33,0.013794
JR_SE,SK036,25,0.037015
JR_SE,SK037,73,0.039891
JR_SE,SK038,58,0.011186
JR_SE,SK039,69,0.037705
JR_SE,SK040,127,0.053086
JR_SE,SK041,742,0.0
JR_SE,SK042,24,0.024651
JR_SE,SK043,37,0.015466
JR_SE,SK044,44,0.018392
JR_SE,SK045,26,0.005014
JR_SE,SK046,42,0.022951
JR_SE,SK047,39,0.016302
JR_SE,SK048,10,0.010271
JR_SE,SK049,91,0.027367
JR_SE,SK050,40,0.012029
JR_SE,SK051,29,0.035812
JR_SE,SK052,22,0.012022
JR_SE,SK053,7,0.008644
JR_SE,SK054,24,0.016523
JR_SE,SK055,18,0.015249
JR_SE,SK056,24,0.016523
JR_SE,SK057,39,0.003626
JR_SE,SK058,20,0.00836
JR_SE,SK059,24,0.024651
JR_SE,SK060,17,0.014402
JR_SE,SK061,48,0.02623
JR_SE,SK062,14,0.024939
JR_SE,SK063,24,0.016523
JR_SE,SK064,36,0.024784
JR_SE,SK065,29,0.042938
JR_SE,SK067,213,0.019805
JR_SE,SK068,78,0.007253
JR_SE,SK069,12,0.026029
JR_SE,SK070,83,0.057141
JR_SE,SK072,12,0.012326
JR_SE,SK073,12,0.026029
JR_SE,SK074,34,0.010225
JR_SE,SK075,30,0.025415
JR_SE,SK076,35,0.03595
JR_SE,SK078,5,0.008907
JR_SE,SK079,9,0.019521
JR_SE,SK080,31,0.009323
JR_SE,SK081,6,0.013014
JR_SE,SK082,29,0.015847
JR_SE,SK083,17,0.030283
JR_SE,SK084,8,0.017352
JR_SE,SK085,25,0.02118
JR_SE,SK086,12,0.014819
JR_SE,SK087,15,0.010327
JR_SE,SK088,36,0.024784
JR_SE,SK089,15,0.015407
JR_SE,SK090,11,0.011299
JR_SE,SK091,30,0.016393
JR_SE,SK092,12,0.017767
JR_SE,SK093,1,0.001781
JR_SE,SK094,17,0.017461
JR_SE,SK095,48,0.02623
JR_SE,SK097,45,0.02459
JR_SE,SK098,12,0.021376
JR_SE,SK099,7,0.008644
JR_SE,SK100,7,0.010364
JR_SE,SK101,23,0.009614
JR_SE,SK102,138,0.012832
JR_SE,SK103,46,0.03897
JR_SE,SK104,5,0.008907
JR_SE,SK105,23,0.019485
JR_SE,SK106,5,0.004236
JR_SE,SK108,7,0.00719
JR_SE,SK109,7,0.012469
JR_SE,SK110,19,0.01308
JR_SE,SK111,12,0.003609
JR_SE,SK112,19,0.023463
JR_SE,SK113,11,0.013584
JR_SE,SK114,10,0.021691
JR_SE,SK115,3,0.003705
JR_SE,SK116,1,0.002716
JR_SE,SK117,184,0.017109
JR_SE,SK118,31,0.012958
JR_SE,SK119,9,0.019521
JR_SE,SK120,34,0.034923
JR_SE,SK121,12,0.014819
JR_SE,SK122,190,0.057139
JR_SE,SK123,161,0.198818
JR_SE,SK124,255,0.02371
JR_SE,SK125,3,0.003705
JR_SE,SK129,6,0.006163
JR_SE,SK130,16,0.019758
JR_SE,SK131,5,0.013578
JR_SE,SK132,36,0.015048
JR_SE,SK133,6,0.008884
JR_SE,SK134,9,0.013325
JR_SE,SK135,194,0.018039
JR_SE,SK136,30,0.020653
JR_SE,SK140,13,0.016054
JR_SE,SK141,10,0.00418
JR_SE,SK142,10,0.017813
JR_SE,SK143,3,0.008147
JR_SE,SK144,3,0.002065
JR_SE,SK146,2,0.005431
JR_SE,SK147,7,0.012469
JR_SE,SK148,32,0.013376
JR_SE,SK149,1,0.001481
JR_SE,SK150,15,0.015407
JR_SE,SK152,30,0.009022
JR_SE,SK153,1,0.001481
JR_SE,SK154,6,0.008884
JR_SE,SK155,10,0.005464
JR_SE,SK156,1,0.001781
JR_SE,SK157,46,0.019228
JR_SE,SK158,2,0.004338
JR_SE,SK159,36,0.030499
JR_SE,SK161,187,0.017388
JR_SE,SK162,1,0.000546
JR_SE,SK163,1,0.001781
JR_SE,SK164,12,0.010166
JR_SE,SK166,105,0.02025
JR_SE,SK167,8,0.008217
JR_SE,SK171,3,0.008147
JR_SE,SK172,1,0.001781
JR_SE,SK174,8,0.008217
JR_SE,SK175,2,0.00247
JR_SE,SK176,4,0.002186
JR_SE,SK177,9,0.011114
JR_SE,SK178,24,0.035535
JR_SE,SK179,11,0.011299
JR_SE,SK181,81,0.015622
JR_SE,SK182,33,0.022719
JR_SE,SK183,7,0.012469
JR_SE,SK184,16,0.011015
JR_SE,SK185,11,0.011299
JR_SE,SK186,8,0.011845
JR_SE,SK187,16,0.013555
JR_SE,SK188,2,0.001694
JR_SE,SK189,2,0.004338
JR_SE,SK190,8,0.008217
JR_SE,SK191,2,0.003563
JR_SE,SK192,11,0.011299
JR_SE,SK193,6,0.010688
JR_SE,SK194,21,0.02157
JR_SE,SK195,22,0.027168
JR_SE,SK196,11,0.009319
JR_SE,SK197,1,0.001781
JR_SE,SK198,11,0.013584
JR_SE,SK199,6,0.013014
JR_SE,SK200,6,0.007409
JR_SE,SK202,6,0.007409
JR_SE,SK203,6,0.010688
JR_SE,SK204,2,0.004338
JR_SE,SK205,33,0.027957
JR_SE,SK206,5,0.004236
JR_SE,SK207,3,0.003705
JR_SE,SK210,3,0.006507
JR_SE,SK211,12,0.008261
JR_SE,SK212,3,0.003705
JR_SE,SK213,9,0.011114
JR_SE,SK215,1,0.001235
JR_SE,SK218,8,0.008217
JR_SE,SK219,7,0.025548
JR_SE,SK220,2,0.002961
JR_SE,SK223,19,0.023463
JR_SE,SK224,6,0.007409
JR_SE,SK225,135,0.0
JR_SE,SK226,5,0.005136
JR_SE,SK227,3,0.005344
JR_SE,SK228,9,0.006196
JR_SE,SK229,2,0.005431
JR_SE,SK230,5,0.006174
JR_SE,SK233,4,0.008676
JR_SE,SK234,3,0.002065
JR_SE,SK236,1,0.00365
JR_SE,SK238,5,0.008907
JR_SE,SK239,159,0.030664
JR_SE,SK240,3,0.002065
JR_SE,SK241,1,0.002169
JR_SE,SK243,1,0.002716
JR_SE,SK244,3,0.005344
JR_SE,SK245,2,0.002961
JR_SE,SK246,2,0.003563
JR_SE,SK247,1,0.001481
JR_SE,SK248,4,0.00494
JR_SE,SK250,1,0.002716
JR_SE,SK251,5,0.010845
JR_SE,SK252,4,0.008676
JR_SE,SK253,3,0.002542
JR_SE,SK254,6,0.004131
JR_SE,SK255,11,0.011299
JR_SE,SK256,6,0.010688
JR_SE,SK257,5,0.004236
JR_SE,SK258,7,0.012469
JR_SE,SK261,14,0.00765
JR_SE,SK262,2,0.004338
JR_SE,SK264,1,0.002169
JR_SE,SK266,11,0.013584
JR_SE,SK267,4,0.00494
JR_SE,SK268,6,0.008884
JR_SE,SK269,2,0.002961
JR_SE,SK270,3,0.003081
JR_SE,SK271,32,0.006171
JR_SE,SK273,2,0.001694
JR_SE,SK274,1,0.001235
JR_SE,SK275,3,0.004442
JR_SE,SK277,17,0.017461
JR_SE,SK278,8,0.009879
JR_SE,SK279,19,0.01308
JR_SE,SK282,113,0.021793
JR_SE,SK284,3,0.002065
JR_SE,SK285,251,0.075484
JR_SE,SK286,7,0.010364
JR_SE,SK287,2,0.003563
JR_SE,SK288,8,0.002406
JR_SE,SK289,2,0.002054
JR_SE,SK290,2,0.00247
JR_SE,SK291,3,0.008147
JR_SE,SK292,2,0.001694
JR_SE,SK294,5,0.006174
JR_SE,SK295,34,0.006557
JR_SE,SK296,7,0.00593
JR_SE,SK299,11,0.013584
JR_SYS_ADMIN,SK001,8,0.00962
JR_SYS_ADMIN,SK002,1,0.001203
JR_SYS_ADMIN,SK003,26,0.031266
JR_SYS_ADMIN,SK004,7,0.013126
JR_SYS_ADMIN,SK007,5,0.002899
JR_SYS_ADMIN,SK009,5,0.006013
JR_SYS_ADMIN,SK011,41,0.10686
JR_SYS_ADMIN,SK012,29,0.034873
JR_SYS_ADMIN,SK013,3,0.005625
JR_SYS_ADMIN,SK016,49,0.058924
JR_SYS_ADMIN,SK017,5,0.017036
JR_SYS_ADMIN,SK020,60,0.072152
JR_SYS_ADMIN,SK021,1,0.002606
JR_SYS_ADMIN,SK024,2,0.00375
JR_SYS_ADMIN,SK026,21,0.012175
JR_SYS_ADMIN,SK027,3,0.005625
JR_SYS_ADMIN,SK028,16,0.009276
JR_SYS_ADMIN,SK032,2,0.00375
JR_SYS_ADMIN,SK035,32,0.083403
JR_SYS_ADMIN,SK037,3,0.010222
JR_SYS_ADMIN,SK038,1,0.001203
JR_SYS_ADMIN,SK041,44,0.0
JR_SYS_ADMIN,SK043,4,0.010425
JR_SYS_ADMIN,SK045,9,0.010823
JR_SYS_ADMIN,SK047,1,0.002606
JR_SYS_ADMIN,SK049,8,0.015001
JR_SYS_ADMIN,SK050,6,0.011251
JR_SYS_ADMIN,SK056,3,0.012878
JR_SYS_ADMIN,SK057,55,0.031887
JR_SYS_ADMIN,SK058,14,0.036489
JR_SYS_ADMIN,SK059,4,0.025618
JR_SYS_ADMIN,SK061,71,0.241916
JR_SYS_ADMIN,SK064,6,0.025756
JR_SYS_ADMIN,SK067,22,0.012755
JR_SYS_ADMIN,SK068,5,0.002899
JR_SYS_ADMIN,SK074,4,0.007501
JR_SYS_ADMIN,SK080,2,0.00375
JR_SYS_ADMIN,SK082,1,0.003407
JR_SYS_ADMIN,SK088,2,0.008585
JR_SYS_ADMIN,SK090,1,0.006405
JR_SYS_ADMIN,SK093,10,0.111072
JR_SYS_ADMIN,SK095,53,0.180585
JR_SYS_ADMIN,SK101,3,0.007819
JR_SYS_ADMIN,SK102,9,0.005218
JR_SYS_ADMIN,SK103,2,0.010565
JR_SYS_ADMIN,SK105,1,0.005282
JR_SYS_ADMIN,SK111,1,0.001875
JR_SYS_ADMIN,SK117,116,0.067254
JR_SYS_ADMIN,SK118,17,0.044308
JR_SYS_ADMIN,SK120,2,0.012809
JR_SYS_ADMIN,SK121,1,0.0077
JR_SYS_ADMIN,SK124,39,0.022611
JR_SYS_ADMIN,SK126,10,0.135247
JR_SYS_ADMIN,SK132,48,0.125105
JR_SYS_ADMIN,SK135,11,0.006377
JR_SYS_ADMIN,SK136,2,0.008585
JR_SYS_ADMIN,SK137,4,0.067728
JR_SYS_ADMIN,SK141,3,0.007819
JR_SYS_ADMIN,SK144,14,0.060097
JR_SYS_ADMIN,SK148,2,0.005213
JR_SYS_ADMIN,SK149,7,0.064624
JR_SYS_ADMIN,SK150,6,0.038427
JR_SYS_ADMIN,SK152,5,0.009376
JR_SYS_ADMIN,SK153,2,0.018464
JR_SYS_ADMIN,SK155,2,0.006815
JR_SYS_ADMIN,SK156,4,0.044429
JR_SYS_ADMIN,SK159,13,0.068672
JR_SYS_ADMIN,SK160,3,0.040574
JR_SYS_ADMIN,SK161,1,0.00058
JR_SYS_ADMIN,SK162,17,0.057924
JR_SYS_ADMIN,SK165,15,0.253979
JR_SYS_ADMIN,SK166,2,0.002405
JR_SYS_ADMIN,SK167,4,0.025618
JR_SYS_ADMIN,SK168,7,0.118524
JR_SYS_ADMIN,SK170,1,0.022757
JR_SYS_ADMIN,SK172,1,0.011107
JR_SYS_ADMIN,SK173,20,0.338639
JR_SYS_ADMIN,SK174,2,0.012809
JR_SYS_ADMIN,SK176,3,0.010222
JR_SYS_ADMIN,SK181,22,0.026456
JR_SYS_ADMIN,SK182,51,0.218925
JR_SYS_ADMIN,SK187,9,0.047542
JR_SYS_ADMIN,SK190,4,0.025618
JR_SYS_ADMIN,SK196,1,0.005282
JR_SYS_ADMIN,SK197,19,0.211037
JR_SYS_ADMIN,SK201,3,0.040574
JR_SYS_ADMIN,SK202,43,0.331097
JR_SYS_ADMIN,SK212,1,0.0077
JR_SYS_ADMIN,SK214,1,0.022757
JR_SYS_ADMIN,SK223,10,0.076999
JR_SYS_ADMIN,SK225,51,0.0
JR_SYS_ADMIN,SK227,2,0.022214
JR_SYS_ADMIN,SK234,3,0.012878
JR_SYS_ADMIN,SK239,5,0.006013
JR_SYS_ADMIN,SK240,1,0.004293
JR_SYS_ADMIN,SK246,2,0.022214
JR_SYS_ADMIN,SK250,14,0.237047
JR_SYS_ADMIN,SK254,3,0.012878
JR_SYS_ADMIN,SK257,2,0.010565
JR_SYS_ADMIN,SK259,19,0.256969
JR_SYS_ADMIN,SK260,3,0.040574
JR_SYS_ADMIN,SK261,6,0.020444
JR_SYS_ADMIN,SK267,4,0.0308
JR_SYS_ADMIN,SK271,55,0.066139
JR_SYS_ADMIN,SK282,7,0.008418
JR_SYS_ADMIN,SK285,2,0.00375
JR_SYS_ADMIN,SK287,5,0.055536
JR_SYS_ADMIN,SK288,27,0.050629
JR_SYS_ADMIN,SK290,1,0.0077
JR_SYS_ADMIN,SK294,3,0.0231
JR_SYS_ADMIN,SK295,1,0.001203
JR_SYS_ADMIN,SK296,1,0.005282
JR_SYS_ADMIN,SK299,5,0.0385
JR_UI_UX_DESIGNER,SK005,2,0.018797
JR_UI_UX_DESIGNER,SK007,13,0.027179
JR_UI_UX_DESIGNER,SK022,4,0.076195
JR_UI_UX_DESIGNER,SK026,9,0.018816
JR_UI_UX_DESIGNER,SK028,5,0.010453
JR_UI_UX_DESIGNER,SK031,1,0.009399
JR_UI_UX_DESIGNER,SK038,2,0.008673
JR_UI_UX_DESIGNER,SK041,12,0.0
JR_UI_UX_DESIGNER,SK048,1,0.023095
JR_UI_UX_DESIGNER,SK055,2,0.038097
JR_UI_UX_DESIGNER,SK067,6,0.012544
JR_UI_UX_DESIGNER,SK068,1,0.002091
JR_UI_UX_DESIGNER,SK070,2,0.030959
JR_UI_UX_DESIGNER,SK074,2,0.013524
JR_UI_UX_DESIGNER,SK097,1,0.012287
JR_UI_UX_DESIGNER,SK102,2,0.004181
JR_UI_UX_DESIGNER,SK117,5,0.010453
JR_UI_UX_DESIGNER,SK124,2,0.004181
JR_UI_UX_DESIGNER,SK135,3,0.006272
JR_UI_UX_DESIGNER,SK148,2,0.018797
JR_UI_UX_DESIGNER,SK155,1,0.012287
JR_UI_UX_DESIGNER,SK161,7,0.014635
JR_UI_UX_DESIGNER,SK202,1,0.027766
JR_UI_UX_DESIGNER,SK225,5,0.0
JR_UI_UX_DESIGNER,SK238,1,0.040053
JR_UI_UX_DESIGNER,SK239,2,0.008673
JR_UI_UX_DESIGNER,SK270,1,0.023095
JR_UI_UX_DESIGNER,SK273,1,0.019049
JR_UI_UX_DESIGNER,SK279,1,0.01548
JR_UI_UX_DESIGNER,SK282,1,0.004336
JR_UI_UX_DESIGNER,SK288,4,0.027048
JR_UI_UX_DESIGNER,SK295,1,0.004336
